Date,종가,수익률,거래량,is_anomaly
2019-01-02,22572,,5320278,0
2019-01-03,22354,-0.0096579833421939,6267244,0
2019-01-04,22523,0.0075601682025587,11406093,0
2019-01-07,22845,0.0142964969142653,6323597,0
2019-01-08,22699,-0.0063908951630553,5181388,0
2019-01-09,23166,0.0205735935503765,5839465,0
2019-01-10,23156,-0.0004316670983337,6573034,0
2019-01-11,23297,0.0060891345655553,5606756,0
2019-01-14,23097,-0.0085847963257071,3934322,0
2019-01-15,23562,0.0201324847382777,5263756,0
2019-01-16,23663,0.0042865631100925,7318745,0
2019-01-17,23713,0.0021130034230656,5375788,0
2019-01-18,23893,0.0075907729937165,6284402,0
2019-01-21,23905,0.0005022391495417,6371938,0
2019-01-22,23786,-0.0049780380673499,5710361,0
2019-01-23,23924,0.0058017321113259,4458782,0
2019-01-24,24122,0.0082762079919744,6387827,0
2019-01-25,24559,0.0181162424342924,7910984,0
2019-01-28,24545,-0.0005700557840302,8291118,0
2019-01-29,24665,0.0048889794255448,6025952,0
2019-01-30,24964,0.0121224407054529,9311628,0
2019-01-31,24938,-0.0010414997596539,8111679,0
2019-02-01,24913,-0.0010024861656908,8731742,0
2019-02-07,24913,0.0,5999720,0
2019-02-08,24559,-0.0142094488821097,6953591,0
2019-02-11,24603,0.0017916038926666,7657017,0
2019-02-12,24737,0.0054464902654147,10656205,0
2019-02-13,24862,0.0050531592351539,4516893,0
2019-02-14,25103,0.009693508165071,5488082,0
2019-02-15,24772,-0.013185675018922,4642853,0
2019-02-18,24950,0.007185532052317,5929042,0
2019-02-19,24838,-0.0044889779559118,5358272,0
2019-02-20,25122,0.0114340929221354,7294425,0
2019-02-21,25122,0.0,5443896,0
2019-02-22,25135,0.00051747472335,2826672,0
2019-02-25,25187,0.002068828327034,4874855,0
2019-02-26,25095,-0.0036526779687934,8109794,0
2019-02-27,25174,0.0031480374576609,3948664,0
2019-02-28,24749,-0.0168824978152061,6407684,0
2019-03-04,24628,-0.0048890864277344,5851129,0
2019-03-05,24460,-0.0068215039792106,5619460,0
2019-03-06,24388,-0.002943581357318,5580242,0
2019-03-07,24314,-0.0030342791536821,9623293,0
2019-03-08,23984,-0.0135724274080776,8217574,0
2019-03-11,24000,0.0006671114076051,18641263,0
2019-03-12,24247,0.0102916666666665,10333574,0
2019-03-13,24070,-0.0072998721491318,12928617,0
2019-03-14,24134,0.0026589115081012,5365110,0
2019-03-15,24416,0.0116847600895002,6531018,0
2019-03-18,24437,0.0008600917431191,12121150,0
2019-03-19,24412,-0.0010230388345541,6181785,0
2019-03-20,24442,0.0012289038177946,12278206,0
2019-03-21,24607,0.0067506750675068,13121548,0
2019-03-22,24665,0.0023570528711343,9833713,0
2019-03-25,24187,-0.0193796878167443,5061651,0
2019-03-26,24206,0.0007855459544383,6970104,0
2019-03-27,24201,-0.0002065603569363,6227212,0
2019-03-28,24067,-0.0055369612825916,5138541,0
2019-03-29,24210,0.0059417459591972,7702347,0
2019-04-01,24530,0.0132176786451878,5538069,0
2019-04-02,24624,0.0038320423970648,6338813,0
2019-04-03,24986,0.0147011046133853,5522569,0
2019-04-04,25011,0.0010005603137757,8363073,0
2019-04-05,25059,0.0019191555715485,5418098,0
2019-04-08,25000,-0.0023544435133086,7831581,0
2019-04-09,25041,0.00164,6744172,0
2019-04-10,25169,0.0051116169482048,7425872,0
2019-04-11,25114,-0.0021852278596686,5983913,0
2019-04-12,25174,0.0023891056781077,7511013,0
2019-04-15,25279,0.0041709700484626,9053305,0
2019-04-16,25376,0.0038371771035246,4980701,0
2019-04-17,25358,-0.0007093316519546,16119833,0
2019-04-18,24955,-0.0158924205378973,6771045,0
2019-04-19,24959,0.0001602885193348,4920036,0
2019-04-22,24964,0.0002003285388036,4670635,0
2019-04-23,25008,0.0017625380547989,10340993,0
2019-04-24,24737,-0.0108365323096608,7635055,0
2019-04-25,24699,-0.0015361604074867,2265310,0
2019-04-26,24549,-0.0060731203692456,3326615,0
2019-04-29,25045,0.0202044889812211,4251109,0
2019-04-30,24887,-0.006308644440008,12672809,0
2019-05-02,24998,0.0044601599228513,3426717,0
2019-05-03,24775,-0.0089207136570925,4406205,0
2019-05-07,24577,-0.007991927346115,6582229,0
2019-05-08,24467,-0.0044757293404402,5174555,0
2019-05-09,23749,-0.0293456492418359,10675371,0
2019-05-10,23791,0.0017684955156007,10909028,0
2019-05-13,23511,-0.011769156403682,6791346,0
2019-05-14,23468,-0.0018289311386159,13947609,0
2019-05-15,23580,0.0047724561104482,8457758,0
2019-05-16,23248,-0.0140797285835453,12659565,0
2019-05-17,23094,-0.0066242257398485,6295596,0
2019-05-20,23155,0.0026413787130856,4468338,0
2019-05-21,23269,0.0049233426905634,9254455,0
2019-05-22,23320,0.0021917572736258,5907246,0
2019-05-23,23290,-0.0012864493996569,4772769,0
2019-05-24,23120,-0.0072992700729926,5267935,0
2019-05-27,23138,0.0007785467128027,4243023,0
2019-05-28,23175,0.0015991010458984,5188411,0
2019-05-29,22858,-0.0136785329018338,6139011,0
2019-05-30,23066,0.0090996587627965,6329080,0
2019-05-31,23028,-0.00164744645799,9438086,0
2019-06-03,23407,0.0164582247698454,4833382,0
2019-06-04,23361,-0.0019652240782671,7191357,0
2019-06-05,23388,0.0011557724412483,5619093,0
2019-06-07,23398,0.00042756969386,4160369,0
2019-06-10,23740,0.0146166339003332,4658057,0
2019-06-11,23876,0.0057287278854254,1862739,0
2019-06-12,23791,-0.0035600603116099,2490636,0
2019-06-13,23597,-0.0081543440796939,6763153,0
2019-06-14,23592,-0.0002118913421197,5762835,0
2019-06-17,23607,0.0006358087487283,3270369,0
2019-06-18,23721,0.0048290761214893,4571797,0
2019-06-19,24020,0.0126048648876522,4937626,0
2019-06-20,24103,0.0034554537885096,6526612,0
2019-06-21,24039,-0.0026552711280753,5135321,0
2019-06-24,24076,0.0015391655226923,4594824,0
2019-06-25,24042,-0.0014121947167303,7215418,0
2019-06-26,24067,0.0010398469345311,10233256,0
2019-06-27,24361,0.0122158972867412,8880735,0
2019-06-28,24299,-0.0025450515167686,6050329,0
2019-07-01,24304,0.0002057697847648,6100956,0
2019-07-02,24166,-0.005678077682686,6820173,0
2019-07-03,23858,-0.0127451791773566,5302331,0
2019-07-04,24058,0.0083829323497359,6048187,0
2019-07-05,24025,-0.0013716850943552,5073189,0
2019-07-08,23520,-0.0210197710718001,5834008,0
2019-07-09,23472,-0.0020408163265306,6139304,0
2019-07-10,23563,0.0038769597818677,4633927,0
2019-07-11,23848,0.0120952340533888,4741538,0
2019-07-12,23899,0.0021385441127137,3235305,0
2019-07-15,23886,-0.0005439558140507,2173534,0
2019-07-16,23991,0.0043958804320523,4742467,0
2019-07-17,23779,-0.0088366470759868,4527215,0
2019-07-18,23725,-0.0022709113082972,5063155,0
2019-07-19,24058,0.0140358271865121,5042868,0
2019-07-22,24051,-0.0002909635048632,4430433,0
2019-07-23,24166,0.0047815059664879,4288651,0
2019-07-24,23935,-0.0095588843830174,4477955,0
2019-07-25,23891,-0.0018383120952579,5204629,0
2019-07-26,23840,-0.0021346950734586,2266330,0
2019-07-29,23520,-0.0134228187919462,3635619,0
2019-07-30,23584,0.0027210884353741,6911632,0
2019-07-31,23347,-0.0100491858887381,4980297,0
2019-08-01,23319,-0.0011992975542896,4301991,0
2019-08-02,23058,-0.0111925897336935,7591039,0
2019-08-05,22557,-0.0217278168097839,17281539,0
2019-08-06,22241,-0.0140089550915458,13267701,0
2019-08-07,22108,-0.0059799469448316,7515029,0
2019-08-08,22202,0.004251854532296,6577149,0
2019-08-09,22359,0.0070714350058553,5721746,0
2019-08-12,22392,0.0014759157386288,5853544,0
2019-08-13,22163,-0.0102268667381207,5701606,0
2019-08-14,22321,0.0071289987817533,8904705,0
2019-08-16,22246,-0.0033600645132386,5401950,0
2019-08-19,22387,0.0063382181066258,4833747,0
2019-08-20,22608,0.0098718005985616,5559410,0
2019-08-21,22652,0.0019462137296533,7396126,0
2019-08-22,22469,-0.0080787568426629,5609705,0
2019-08-23,22447,-0.0009791267969202,5786907,0
2019-08-26,22121,-0.0145230988550808,4162070,0
2019-08-27,22187,0.002983590253605,3951287,0
2019-08-28,22403,0.0097354306575923,3752317,0
2019-08-29,22284,-0.0053117885997411,5944610,0
2019-08-30,22652,0.0165140908274996,5482448,0
2019-09-02,22692,0.0017658484901994,6012969,0
2019-09-03,22603,-0.0039220870791468,6023033,0
2019-09-04,22937,0.0147767995398839,4792429,0
2019-09-05,23140,0.0088503291624886,6864221,0
2019-09-06,23247,0.0046240276577356,7392817,0
2019-09-09,23432,0.0079580160880974,3990542,0
2019-09-10,23534,0.0043530215090474,4434068,0
2019-09-11,23707,0.0073510665420242,4549828,0
2019-09-16,23784,0.0032479858269709,4158821,0
2019-09-17,23776,-0.0003363605785401,6547982,0
2019-09-18,23904,0.0053835800807537,4512041,0
2019-09-19,24064,0.0066934404283802,5519742,0
2019-09-20,24196,0.0054853723404255,5690312,0
2019-09-23,24227,0.0012812035047116,4396292,0
2019-09-24,24371,0.0059437817311265,5815379,0
2019-09-25,24021,-0.0143613310902301,6275820,0
2019-09-26,24064,0.0017901003288789,5634771,0
2019-09-27,23812,-0.010472074468085,3823869,0
2019-09-30,24011,0.0083571308583907,4753887,0
2019-10-01,24068,0.0023739119570196,2505419,0
2019-10-02,23559,-0.0211484128303141,5642345,0
2019-10-04,23458,-0.0042871089604822,6007202,0
2019-10-07,23499,0.0017478045869212,4096592,0
2019-10-08,23845,0.0147240308098217,4949480,0
2019-10-10,23674,-0.0071713147410358,7595944,0
2019-10-11,23841,0.0070541522345188,6144804,0
2019-10-14,24087,0.010318359129231,5623986,0
2019-10-15,24116,0.0012039689459044,4181030,0
2019-10-16,24251,0.0055979432741748,5943390,0
2019-10-17,24173,-0.0032163622118676,5201091,0
2019-10-18,23932,-0.0099698010176643,6725758,0
2019-10-21,24068,0.0056827678422195,4488650,0
2019-10-22,24388,0.0132956622901778,6295358,0
2019-10-23,24240,-0.0060685583073643,5327886,0
2019-10-24,24306,0.0027227722772276,6168899,0
2019-10-25,24326,0.0008228420966016,5595692,0
2019-10-28,24419,0.0038230699662911,4459875,0
2019-10-29,24368,-0.0020885376141529,6003560,0
2019-10-30,24181,-0.0076739986868024,10274525,0
2019-10-31,24275,0.003887349571978,9664470,0
2019-11-01,24460,0.0076210092687951,7009377,0
2019-11-04,24809,0.0142681929681112,5859728,0
2019-11-05,24978,0.0068120440162844,6043311,0
2019-11-06,24990,0.0004804227720394,11036082,0
2019-11-07,24958,-0.0012805122048819,6658870,0
2019-11-08,24873,-0.0034057216123086,5762037,0
2019-11-11,24684,-0.007598600892534,7405059,0
2019-11-12,24902,0.0088316318262842,6906587,0
2019-11-13,24700,-0.0081117982491366,5282625,0
2019-11-14,24897,0.0079757085020242,5010597,0
2019-11-15,25251,0.0142185805518737,6256030,0
2019-11-18,25223,-0.0011088669755653,5492299,0
2019-11-19,25111,-0.0044403917059826,4811009,0
2019-11-20,24788,-0.0128628887738441,6121779,0
2019-11-21,24423,-0.0147248668710666,7345159,0
2019-11-22,24541,0.0048315112803505,5604861,0
2019-11-25,24814,0.0111242410659713,5836799,0
2019-11-26,24819,0.0002014991537035,5852797,0
2019-11-27,24845,0.0010475845118658,5225325,0
2019-11-28,24734,-0.0044676997383779,4964598,0
2019-11-29,24309,-0.0171828252607746,5645435,0
2019-12-02,24388,0.0032498251676333,6866131,0
2019-12-03,24265,-0.0050434639986878,4347483,0
2019-12-04,24103,-0.0066762827117247,5333342,0
2019-12-05,24046,-0.002364850848442,6058243,0
2019-12-06,24326,0.0116443483323629,8265211,0
2019-12-09,24437,0.0045630189920249,8299609,0
2019-12-10,24558,0.0049515079592421,6468299,0
2019-12-11,24656,0.0039905529766268,6301823,0
2019-12-12,25104,0.0181700194678779,7770386,0
2019-12-13,25495,0.0155752071383046,8101882,0
2019-12-16,25486,-0.0003530103941948,5803196,0
2019-12-17,25836,0.0137330298987679,11482913,0
2019-12-18,25832,-0.0001548227279765,7292021,0
2019-12-19,25856,0.0009290802105914,7472076,0
2019-12-20,25913,0.0022045173267326,8027822,0
2019-12-23,25910,-0.0001157720063288,7881351,0
2019-12-24,25744,-0.0064067927441142,6010720,0
2019-12-26,25848,0.0040397762585457,4525195,0
2019-12-27,26226,0.0146239554317548,6028449,0
2019-12-30,26134,-0.0035079691908792,8238496,0
2020-01-02,25856,-0.0106374837376597,5201565,0
2020-01-03,25852,-0.000154702970297,8619970,0
2020-01-06,25657,-0.007542936716695,6258208,0
2020-01-07,25913,0.0099777838406671,6009913,0
2020-01-08,25749,-0.0063288696793115,6941148,0
2020-01-09,26179,0.0166996776573846,4966890,0
2020-01-10,26395,0.0082508881164291,11196426,0
2020-01-13,26667,0.0103049820041674,5820058,0
2020-01-14,26792,0.0046874414069824,6487557,0
2020-01-15,26634,-0.0058972827709764,5304539,0
2020-01-16,26907,0.0102500563189906,7060997,0
2020-01-17,26967,0.0022299029992194,13049444,0
2020-01-20,27173,0.0076389661438054,6503729,0
2020-01-21,26867,-0.0112611783755933,6538824,0
2020-01-22,27224,0.0132876763315592,6593361,0
2020-01-23,26867,-0.0131134293270643,6099299,0
2020-01-28,26052,-0.0303346112331112,8864309,0
2020-01-29,26138,0.0033010901274375,3223663,0
2020-01-30,25648,-0.0187466523835029,8969163,0
2020-01-31,25374,-0.010683094198378,7076158,0
2020-02-03,25400,0.0010246709229919,8780132,0
2020-02-04,25835,0.0171259842519684,17531433,0
2020-02-05,25965,0.0050319334236501,9615381,0
2020-02-06,26737,0.0297323319853648,8372908,0
2020-02-07,26515,-0.0083031005722407,6688979,0
2020-02-10,26372,-0.0053931736752781,5509923,0
2020-02-11,26626,0.0096314272713484,8164202,0
2020-02-12,26846,0.0082626004657102,7169208,0
2020-02-13,26780,-0.002458466810698,8309045,0
2020-02-14,26943,0.0060866318147871,8336853,0
2020-02-17,26922,-0.0007794232268121,5380978,0
2020-02-18,26497,-0.0157863457395438,9012784,0
2020-02-19,26546,0.0018492659546363,8060937,0
2020-02-20,26407,-0.0052361937768401,6400452,0
2020-02-21,26028,-0.0143522550838792,9845961,0
2020-02-24,25049,-0.0376133394805594,14103971,1
2020-02-25,25326,0.0110583256816638,14054156,1
2020-02-26,24957,-0.0145700071073205,11011197,1
2020-02-27,24698,-0.0103778499018311,14094288,1
2020-02-28,23900,-0.0323103085270062,23385319,1
2020-03-02,24130,0.009623430962343,15462618,1
2020-03-03,24240,0.0045586406962287,10171569,1
2020-03-04,24790,0.0226897689768976,6791960,1
2020-03-05,25010,0.0088745461879791,8270426,1
2020-03-06,24509,-0.020031987205118,10768368,1
2020-03-09,23473,-0.042270186462116,15438471,1
2020-03-10,23610,0.0058364929919481,24522569,1
2020-03-11,22901,-0.0300296484540448,20358201,1
2020-03-12,22135,-0.0334483210340159,29764893,1
2020-03-13,21565,-0.0257510729613733,36625110,1
2020-03-16,20780,-0.0364015766287966,43554190,1
2020-03-17,20316,-0.0223291626564003,51243674,1
2020-03-18,19196,-0.055128962394172,30683415,1
2020-03-19,17791,-0.0731923317357783,63787652,1
2020-03-20,19159,0.0768928109718396,43388272,1
2020-03-23,18033,-0.0587713346208048,24363571,1
2020-03-24,19707,0.0928298120113126,20650793,1
2020-03-25,20838,0.0573907748515756,38350548,1
2020-03-26,20431,-0.0195316249160187,17916116,0
2020-03-27,20926,0.0242278889922176,19839653,0
2020-03-30,20802,-0.0059256427410876,17165490,0
2020-03-31,21170,0.0176906066724353,12798760,0
2020-04-01,20178,-0.046858762399622,20335486,0
2020-04-02,20798,0.0307265338487461,16132893,0
2020-04-03,20743,-0.002644485046639,16068391,0
2020-04-06,21574,0.0400617075639975,14664908,0
2020-04-07,21908,0.0154815982200797,14249172,0
2020-04-08,21589,-0.0145608909987219,14911274,0
2020-04-09,21931,0.0158414007133262,21779936,0
2020-04-10,22117,0.0084811454106059,13139605,0
2020-04-13,21741,-0.0170004973549757,31579887,0
2020-04-14,22117,0.0172945126719101,20567035,0
2020-04-16,22117,0.0,11262593,0
2020-04-17,22792,0.0305195098792783,15605875,0
2020-04-20,22516,-0.012109512109512,11814604,0
2020-04-21,22267,-0.0110588026292414,21065238,0
2020-04-22,22459,0.0086226254097991,22507446,0
2020-04-23,22680,0.009840153167995,17960288,0
2020-04-24,22342,-0.0149029982363315,6142538,0
2020-04-27,22787,0.0199176438993822,6476900,0
2020-04-28,22922,0.0059244305963925,9478955,0
2020-04-29,23074,0.0066311840153563,10580252,0
2020-05-04,22375,-0.0302938372193811,17326112,0
2020-05-06,22792,0.0186368715083797,10469241,0
2020-05-07,22736,-0.0024570024570024,8846728,0
2020-05-08,22931,0.0085767065446868,6765398,0
2020-05-11,22769,-0.0070646722777026,6228867,0
2020-05-12,22608,-0.0070710176116649,13444689,0
2020-05-13,22866,0.0114118895966028,9389276,0
2020-05-14,22626,-0.0104959328260298,7300226,0
2020-05-15,22678,0.0022982409617253,8883872,0
2020-05-18,22824,0.0064379574918422,9001523,0
2020-05-19,23415,0.025893796004206,6943713,0
2020-05-20,23468,0.0022635062993807,8321494,0
2020-05-21,23574,0.0045167888188171,7837786,0
2020-05-22,23175,-0.016925426317129,9302294,0
2020-05-25,23463,0.0124271844660193,8392585,0
2020-05-26,23888,0.0181136257085623,9118836,0
2020-05-27,23901,0.0005442062960481,10321183,0
2020-05-28,23974,0.0030542655119032,12007723,0
2020-05-29,23929,-0.0018770334529073,8558551,0
2020-06-01,24403,0.0198086004429771,8142428,0
2020-06-02,24658,0.0104495348932507,9557294,0
2020-06-03,25563,0.0367020845161814,9856650,0
2020-06-04,25592,0.0011344521378555,14527433,0
2020-06-05,26025,0.0169193497968114,13175304,0
2020-06-08,25986,-0.0014985590778098,13706678,0
2020-06-09,26001,0.0005772338951743,8628439,0
2020-06-10,26082,0.0031152647975076,6351719,0
2020-06-11,25651,-0.0165248063798788,11739406,0
2020-06-12,25126,-0.0204670383220927,15460615,0
2020-06-15,23863,-0.0502666560534904,21157917,1
2020-06-16,25328,0.0613921133134978,14582502,1
2020-06-17,25259,-0.0027242577384712,13807708,0
2020-06-18,25185,-0.0029296488380379,9022533,0
2020-06-19,25275,0.0035735556879095,11169688,0
2020-06-22,25097,-0.0070425321463897,7715898,0
2020-06-23,25160,0.0025102601904609,14509424,0
2020-06-24,25574,0.0164546899841018,10710615,0
2020-06-25,24929,-0.0252209275044967,17832343,0
2020-06-26,25280,0.0140799871635444,18948025,0
2020-06-29,24871,-0.0161787974683543,12392547,0
2020-06-30,25087,0.0086848136383739,9411662,0
2020-07-01,25100,0.0005181966755689,7533794,0
2020-07-02,25418,0.0126693227091634,5592971,0
2020-07-03,25629,0.0083012038712724,6366476,0
2020-07-06,26025,0.0154512466346716,9573370,0
2020-07-07,25710,-0.0121037463976945,8570692,0
2020-07-08,25633,-0.0029949436017113,8904645,0
2020-07-09,25752,0.0046424530878164,8531203,0
2020-07-10,25504,-0.0096303199751475,8053343,0
2020-07-13,25991,0.0190950439146799,6530103,0
2020-07-14,25950,-0.0015774691239275,7508351,0
2020-07-15,26208,0.0099421965317918,8821190,0
2020-07-16,25921,-0.0109508547008546,8194037,0
2020-07-17,26119,0.0076385941900389,7867265,0
2020-07-20,26058,-0.0023354646043109,6666118,0
2020-07-21,26437,0.0145444777035843,8300622,0
2020-07-22,26339,-0.0037069258993077,8392500,0
2020-07-23,26182,-0.0059607426250047,8175466,0
2020-07-24,26039,-0.0054617676266136,5646985,0
2020-07-27,26290,0.0096393870732363,6733685,0
2020-07-28,26839,0.0208824648155192,7020165,0
2020-07-29,26975,0.0050672528782742,8252417,0
2020-07-30,27014,0.00144578313253,6818704,0
2020-07-31,26798,-0.0079958540016288,7494692,0
2020-08-03,26798,0.0,6152061,0
2020-08-04,27122,0.0120904545115307,6975650,0
2020-08-05,27417,0.0108767789985988,7420162,0
2020-08-06,27848,0.0157201736149104,10365360,0
2020-08-07,27968,0.0043091065785694,8640938,0
2020-08-10,28385,0.0149098970251715,9534943,0
2020-08-11,28743,0.0126122952263518,9495239,0
2020-08-12,28899,0.005427408412483,9674650,0
2020-08-13,28885,-0.0004844458285754,10215311,0
2020-08-14,28581,-0.0105244936818418,10275773,0
2020-08-18,27991,-0.0206430845666701,8141145,0
2020-08-19,28089,0.0035011253617234,8753088,0
2020-08-20,27004,-0.0386272206201715,10242379,0
2020-08-21,27413,0.0151459043104724,9114210,0
2020-08-24,27717,0.0110896290081348,9981757,0
2020-08-25,28082,0.0131688133636396,9021811,0
2020-08-26,28086,0.0001424399971512,8211755,0
2020-08-27,27830,-0.0091148614968311,7819111,0
2020-08-28,27981,0.0054257994969457,7886205,0
2020-08-31,27527,-0.0162252957363925,9273166,0
2020-09-01,27745,0.0079194972209104,7976836,0
2020-09-02,27886,0.0050819967561723,8047846,0
2020-09-03,28309,0.0151689019579717,9006610,0
2020-09-04,27912,-0.0140238086827511,8395479,0
2020-09-07,28042,0.0046574949842361,10918998,0
2020-09-08,28397,0.0126595820554882,12643088,0
2020-09-09,28052,-0.0121491706870443,10751537,0
2020-09-10,28317,0.009446741765293,9304073,0
2020-09-11,28299,-0.0006356605572623,10859240,0
2020-09-14,28680,0.0134633732640729,8117578,0
2020-09-15,28904,0.007810320781032,11365278,0
2020-09-16,28824,-0.0027677830058123,10951287,0
2020-09-17,28397,-0.0148140438523453,12904413,0
2020-09-18,28492,0.0033454238123744,9559355,0
2020-09-21,28248,-0.0085638073845289,8923933,0
2020-09-22,27590,-0.0232936845086377,18680000,0
2020-09-23,27696,0.0038419717288873,21160033,0
2020-09-24,27054,-0.0231802426343153,22028055,0
2020-09-25,27177,0.0045464626302949,12511138,0
2020-09-28,27573,0.0145711447179599,7126085,0
2020-09-29,27830,0.0093207122910092,12083953,0
2020-10-05,28137,0.0110312612288896,10154339,0
2020-10-06,28199,0.0022035042826171,9320725,0
2020-10-07,28474,0.0097521188694633,7224620,0
2020-10-08,28482,0.0002809580670084,9125684,0
2020-10-12,28598,0.0040727477003019,8557035,0
2020-10-13,28619,0.0007343170851108,10784034,0
2020-10-14,28339,-0.0097837101226457,9701086,0
2020-10-15,28129,-0.0074102826493525,7548333,0
2020-10-16,27963,-0.0059013829144299,9351565,0
2020-10-19,28027,0.0022887386904122,9946990,0
2020-10-20,28221,0.0069218967424269,9757198,0
2020-10-21,28313,0.0032599837000815,9155713,0
2020-10-22,28121,-0.0067813371949281,9223904,0
2020-10-23,28221,0.0035560613064968,7948302,0
2020-10-26,28167,-0.001913468693526,9077206,0
2020-10-27,27925,-0.0085916143004224,8259941,0
2020-10-28,28078,0.0054789615040287,5862562,0
2020-10-29,27785,-0.0104352161834888,10425956,0
2020-10-30,27029,-0.0272089256793234,21196914,0
2020-11-02,27442,0.0152798845684265,8815894,0
2020-11-03,27991,0.0200058304788279,7308287,0
2020-11-04,28163,0.0061448322675146,15521560,0
2020-11-05,28784,0.022050207719348,9415988,0
2020-11-06,28856,0.0025013896609227,11738245,0
2020-11-09,29220,0.0126143609647906,9922034,0
2020-11-10,29215,-0.0001711156741958,13443638,0
2020-11-11,29684,0.0160533972274516,10737245,0
2020-11-12,29542,-0.0047837218703679,13854643,0
2020-11-13,29851,0.0104596845169588,9405439,0
2020-11-16,30487,0.0213058189005392,10095934,0
2020-11-17,30478,-0.0002952077934857,11793791,0
2020-11-18,30447,-0.0010171271080779,8247614,0
2020-11-19,30487,0.0013137583341544,7774574,0
2020-11-20,30520,0.0010824285761144,7760080,0
2020-11-23,31220,0.0229357798165137,9515119,0
2020-11-24,31389,0.005413196668802,12165170,0
2020-11-25,31206,-0.0058300678581668,11727823,0
2020-11-26,31515,0.0099019419342434,8722175,0
2020-11-27,31587,0.0022846263683959,10177524,0
2020-11-30,31108,-0.0151644663944027,15949192,0
2020-12-01,31599,0.0157837212292657,5753393,0
2020-12-02,32152,0.0175005538149941,8413907,0
2020-12-03,32379,0.007060213983578,12925387,0
2020-12-04,32960,0.0179437289601285,11818667,0
2020-12-07,33139,0.0054308252427184,19855196,0
2020-12-08,32608,-0.0160234165183017,13995990,0
2020-12-09,33363,0.0231538272816487,14080806,0
2020-12-10,33099,-0.0079129574678535,12478116,0
2020-12-11,33386,0.0086709568264902,11091337,0
2020-12-14,33256,-0.0038938477206014,14547772,0
2020-12-15,33256,0.0,14636168,0
2020-12-16,33395,0.0041796968968006,8162037,0
2020-12-17,33363,-0.0009582272795328,8683712,0
2020-12-18,33316,-0.0014087462158678,8031392,0
2020-12-21,33359,0.0012906711489975,14901054,0
2020-12-22,32816,-0.0162774663509097,13921493,0
2020-12-23,33284,0.0142613359336909,16803613,0
2020-12-24,33948,0.0199495252974402,10677510,0
2020-12-28,34115,0.004919288323318,10461846,0
2020-12-29,34696,0.0170306316869413,17458833,0
2020-12-30,35427,0.0210687110906155,13535811,0
2021-01-04,36359,0.0263076184830779,12949510,0
2021-01-05,36908,0.01509942517671,9698819,0
2021-01-06,36547,-0.0097810772732198,16176238,0
2021-01-07,37399,0.0233124469860728,9301093,1
2021-01-08,39054,0.0442525201208587,12243495,1
2021-01-11,39153,0.0025349516054693,24556298,0
2021-01-12,38850,-0.0077388705846295,27093755,0
2021-01-13,39066,0.0055598455598455,12740383,0
2021-01-14,39019,-0.0012030922029385,9661654,0
2021-01-15,38160,-0.0220149158102462,12658794,0
2021-01-18,37277,-0.0231394129979035,12709668,0
2021-01-19,38256,0.0262628430399443,10362158,0
2021-01-20,38477,0.0057768716018402,11349571,0
2021-01-21,39041,0.0146581074408087,9657352,0
2021-01-22,38771,-0.0069158064598755,13860787,0
2021-01-25,39695,0.0238322457506898,6785444,0
2021-01-26,38615,-0.0272074568585464,11272863,0
2021-01-27,38486,-0.0033406707238119,9330383,0
2021-01-28,37777,-0.0184222834277399,11501455,0
2021-01-29,36926,-0.0225269343780607,14152455,0
2021-02-01,37848,0.0249688566321832,11353827,0
2021-02-02,38409,0.0148224476854788,13289652,0
2021-02-03,38729,0.0083313806659897,10908369,0
2021-02-04,38082,-0.0167058276743525,19243987,0
2021-02-05,38568,0.0127619347723333,14067433,0
2021-02-08,38186,-0.0099045841111802,7845942,0
2021-02-09,38059,-0.0033258262190331,8742435,0
2021-02-10,38325,0.0069891484274415,6927341,0
2021-02-15,38887,0.0146640574037835,7009694,0
2021-02-16,39054,0.004294494304009,9067683,0
2021-02-17,38633,-0.0107799457161877,18608230,0
2021-02-18,38082,-0.0142624181399322,9384794,0
2021-02-19,38413,0.0086917703902105,10326119,0
2021-02-22,38011,-0.0104652070913492,9041879,0
2021-02-23,37970,-0.0010786351319355,8209191,0
2021-02-24,37161,-0.0213062944429812,11048720,0
2021-02-25,38513,0.0363822286806059,9403392,0
2021-02-26,37447,-0.0276789655441019,10930116,0
2021-03-02,37865,0.0111624429193259,9130152,0
2021-03-03,38288,0.011171266340948,6519484,0
2021-03-04,37797,-0.0128238612620141,7194190,0
2021-03-05,37596,-0.0053178823716167,11000871,0
2021-03-08,37242,-0.0094158953080114,8806891,0
2021-03-09,37008,-0.0062832286128564,12627441,0
2021-03-10,36796,-0.0057284911370514,8690958,0
2021-03-11,37547,0.0204098271551256,6812435,0
2021-03-12,37880,0.0088688843316375,7380959,0
2021-03-15,37696,-0.004857444561774,9018160,0
2021-03-16,38011,0.0083563242784381,5918535,0
2021-03-17,37708,-0.0079713767067427,8629524,0
2021-03-18,37984,0.0073194017184681,9224964,0
2021-03-19,37581,-0.0106097304128054,9848022,0
2021-03-22,37646,0.0017295974029429,6735187,0
2021-03-23,37292,-0.0094033894703288,7054300,0
2021-03-24,37120,-0.0046122492759841,6020804,0
2021-03-25,37283,0.0043911637931035,10381983,0
2021-03-26,37626,0.0091999034412466,7042828,0
2021-03-29,37558,-0.0018072609365864,6811764,0
2021-03-30,37984,0.0113424569998401,5413090,0
2021-03-31,37880,-0.00273799494524,7681921,0
2021-04-01,38224,0.0090813093980992,5542622,0
2021-04-02,38651,0.0111709920468814,5680944,0
2021-04-05,38729,0.0020180590411631,5505624,0
2021-04-06,38784,0.001420124454543,5213439,0
2021-04-07,38878,0.0024236798679868,5421177,0
2021-04-08,38841,-0.0009516950460414,5653179,0
2021-04-09,38654,-0.0048145001416028,7628776,0
2021-04-12,38654,0.0,6252553,0
2021-04-13,39096,0.011434780359083,4975114,0
2021-04-14,39366,0.0069060773480662,7092943,0
2021-04-15,39403,0.0009398973733678,7093188,0
2021-04-16,39380,-0.000583711900109,6289260,0
2021-04-19,39375,-0.0001269680040629,5420799,0
2021-04-20,39621,0.006247619047619,5789546,0
2021-04-21,38910,-0.0179450291512076,12322317,0
2021-04-22,38972,0.0015934207144692,6635732,0
2021-04-23,38993,0.0005388484039823,4457988,0
2021-04-26,39350,0.0091554894468237,4993115,0
2021-04-27,39394,0.0011181702668361,4985652,0
2021-04-28,38976,-0.010610752906534,4125335,0
2021-04-29,38844,-0.0033866995073891,5405783,0
2021-04-30,38574,-0.0069508804448563,5225663,0
2021-05-03,38329,-0.0063514284232902,5322997,0
2021-05-04,38650,0.0083748597667563,4606050,0
2021-05-06,38881,0.0059767141009055,4263412,0
2021-05-07,39131,0.0064298757748,4976939,0
2021-05-10,39787,0.0167642022948557,5613054,0
2021-05-11,39088,-0.0175685525422877,5618424,0
2021-05-12,38442,-0.0165268112975849,7331817,0
2021-05-13,38000,-0.0114978409031788,6720308,0
2021-05-14,38355,0.0093421052631579,7349472,0
2021-05-17,38187,-0.0043801329683222,5455822,0
2021-05-18,38642,0.0119150496242177,4587252,0
2021-05-20,38520,-0.003157186481031,4405746,0
2021-05-21,38500,-0.0005192107995846,8618226,0
2021-05-24,38392,-0.0028051948051948,6381995,0
2021-05-25,38757,0.0095071889977078,6067176,0
2021-05-26,38677,-0.0020641432515416,5438964,0
2021-05-27,38610,-0.0017322956796028,13771180,0
2021-05-28,38848,0.0061642061642062,5450340,0
2021-05-31,38998,0.0038612026359143,4826281,0
2021-06-01,39219,0.0056669572798604,5535791,0
2021-06-02,39189,-0.0007649353629618,5062842,0
2021-06-03,39555,0.0093393554313709,4969999,0
2021-06-04,39405,-0.0037921880925293,5511776,0
2021-06-07,39545,0.0035528486232712,4438897,0
2021-06-08,39468,-0.0019471488178025,2968215,0
2021-06-09,39021,-0.0113256308908482,3614911,0
2021-06-10,39152,0.0033571666538529,5090860,0
2021-06-11,39440,0.0073559460563956,4575568,0
2021-06-14,39424,-0.0004056795131845,3236720,0
2021-06-15,39513,0.0022575081168831,3212171,0
2021-06-16,39755,0.0061245665983347,3841941,0
2021-06-17,39526,-0.005760281725569,5639564,0
2021-06-18,39644,0.0029853767140617,3846019,0
2021-06-21,39262,-0.0096357582484108,5821547,0
2021-06-22,39531,0.0068514084865773,4667481,0
2021-06-23,39738,0.0052363967519162,4581773,0
2021-06-24,39887,0.0037495596154815,3294949,0
2021-06-25,40088,0.0050392358412514,4323198,0
2021-06-28,40047,-0.0010227499501097,3671661,0
2021-06-29,39892,-0.0038704522186431,4116911,0
2021-06-30,40032,0.0035094755840769,3398786,0
2021-07-01,39801,-0.0057703836930456,4483359,0
2021-07-02,39751,-0.0012562498429687,3591619,0
2021-07-05,39937,0.0046791275691178,2899752,0
2021-07-06,40120,0.0045822169917619,4189889,0
2021-07-07,39869,-0.0062562313060817,3988655,0
2021-07-08,39454,-0.0104090897689934,5444117,0
2021-07-09,39035,-0.0106199624879607,8661922,0
2021-07-12,39387,0.0090175483540413,4106345,0
2021-07-13,39718,0.0084037880518952,3819275,0
2021-07-14,39582,-0.0034241401883277,3609235,0
2021-07-15,39850,0.0067707543833055,2969108,0
2021-07-16,39682,-0.004215809284818,3780039,0
2021-07-19,39233,-0.0113149538833727,4216368,0
2021-07-20,39107,-0.0032115820865088,4060021,0
2021-07-21,38905,-0.0051653156723859,5210959,0
2021-07-22,39391,0.0124919676134171,3850682,0
2021-07-23,39464,0.0018532152014418,5626270,0
2021-07-26,39039,-0.0107693087370768,3922034,0
2021-07-27,39103,0.0016393862547707,3780459,0
2021-07-28,39219,0.0029665243075978,3858234,0
2021-07-29,39276,0.0014533771896274,4174182,0
2021-07-30,38799,-0.0121448212648945,5287655,0
2021-08-02,38980,0.0046650686873372,5914321,0
2021-08-03,39322,0.0087737301180093,4836620,0
2021-08-04,39875,0.0140633741925639,7281228,0
2021-08-05,39802,-0.0018307210031347,5363975,0
2021-08-06,39615,-0.0046982563690266,3900655,0
2021-08-09,39431,-0.0046447052884008,4145922,0
2021-08-10,39175,-0.0064923537318353,3556340,0
2021-08-11,38823,-0.008985322271857,4814173,0
2021-08-12,38666,-0.0040439945393194,4702278,0
2021-08-13,38017,-0.0167847721512439,7405682,0
2021-08-17,37585,-0.0113633374542967,6172269,0
2021-08-18,37774,0.0050286018358387,5018736,0
2021-08-19,37021,-0.019934346375814,7054729,0
2021-08-20,36661,-0.0097242105831825,8775827,0
2021-08-23,36988,0.0089195602956819,5646030,0
2021-08-24,37694,0.0190872715475289,4426820,0
2021-08-25,37810,0.0030774128508515,3988014,0
2021-08-26,37529,-0.0074318963237238,3934005,0
2021-08-27,37504,-0.0006661515094993,5294178,0
2021-08-30,37595,0.0024264078498292,4404195,0
2021-08-31,38339,0.0197898656736268,4972863,0
2021-09-01,38395,0.001460653642505,4782707,0
2021-09-02,38043,-0.0091678603984893,6251913,0
2021-09-03,38290,0.0064926530504954,4694891,0
2021-09-06,38421,0.0034212588143118,4647203,0
2021-09-07,38191,-0.0059863095702871,3748726,0
2021-09-08,37859,-0.0086931476002199,4414178,0
2021-09-09,37189,-0.0176972450408092,4403901,0
2021-09-10,37363,0.0046788028718169,5074391,0
2021-09-13,37444,0.0021679201348927,4714937,0
2021-09-14,37685,0.0064362781754085,5459827,0
2021-09-15,37738,0.0014063951174208,4803594,0
2021-09-16,37408,-0.0087445015634108,5859146,0
2021-09-17,37504,0.0025662959794696,4521176,0
2021-09-23,37444,-0.0015998293515357,5679717,0
2021-09-24,37408,-0.0009614357440443,6539710,0
2021-09-27,37533,0.0033415312232678,4968759,0
2021-09-28,37044,-0.0130285348892974,5644913,0
2021-09-29,36553,-0.0132545081524673,11027429,0
2021-09-30,36706,0.0041857029518781,6881461,0
2021-10-01,36021,-0.0186617991609001,4997991,0
2021-10-05,35487,-0.0148246856000666,9328692,0
2021-10-06,34938,-0.0154704539690591,8238648,0
2021-10-07,35523,0.0167439464193714,5234270,0
2021-10-08,35445,-0.0021957604932015,4572862,0
2021-10-12,34838,-0.0171251234306671,5589706,0
2021-10-13,35189,0.0100752052356622,4429111,0
2021-10-14,35631,0.012560743414135,4559386,0
2021-10-15,35998,0.010300019645814,3883688,0
2021-10-18,35884,-0.0031668426023667,3656148,0
2021-10-19,36186,0.0084160071340988,4042050,0
2021-10-20,36026,-0.004421599513624,4003380,0
2021-10-21,35962,-0.0017764947537889,4078425,0
2021-10-22,35993,0.0008620210221901,2892428,0
2021-10-25,36181,0.0052232378518044,3706160,0
2021-10-26,36516,0.0092590033442967,3756931,0
2021-10-27,36211,-0.0083525030123781,2993936,0
2021-10-28,36110,-0.0027892076993178,3670743,0
2021-10-29,35531,-0.016034339518139,5706455,0
2021-11-01,35678,0.0041372322760406,4352483,0
2021-11-02,36152,0.013285498066035,3580036,0
2021-11-03,35640,-0.0141624253153352,4626526,0
2021-11-04,35840,0.005611672278339,5794534,0
2021-11-05,35687,-0.0042689732142857,5781002,0
2021-11-08,35640,-0.0013170061927312,5287369,0
2021-11-09,35730,0.0025252525252525,4754440,0
2021-11-10,35351,-0.0106073327735796,4950903,0
2021-11-11,35346,-0.0001414387146049,4451862,0
2021-11-12,35721,0.0106094041758615,3650523,0
2021-11-15,36134,0.0115618263766412,5490831,0
2021-11-16,36070,-0.0017711850334864,4611903,0
2021-11-17,35617,-0.0125589132242861,4369571,0
2021-11-18,35471,-0.0040991661285341,4697596,0
2021-11-19,35730,0.0073017394491274,4435095,0
2021-11-22,36559,0.0232017912118667,5249073,0
2021-11-23,36239,-0.0087529746437265,5215007,0
2021-11-24,36167,-0.001986809790557,5997039,0
2021-11-25,35900,-0.0073824204385213,4077236,0
2021-11-26,35240,-0.0183844011142061,5269713,0
2021-11-29,34963,-0.007860385925085,5409718,0
2021-11-30,34253,-0.0203071818779853,7879269,0
2021-12-01,35077,0.0240562870405511,5480773,0
2021-12-02,35630,0.0157653163041309,5692100,0
2021-12-03,35900,0.0075778838057816,6534704,0
2021-12-06,35968,0.0018941504178273,10188808,0
2021-12-07,36266,0.0082851423487544,5230057,0
2021-12-08,36426,0.0044118458059891,7335664,0
2021-12-09,36535,0.0029923680887278,7640538,0
2021-12-10,36336,-0.0054468318051184,2939153,0
2021-12-13,36362,0.0007155438132981,4902797,0
2021-12-14,36157,-0.0056377536989165,5213012,0
2021-12-15,36167,0.0002765716182204,3795770,0
2021-12-16,36376,0.0057787485829623,5269868,0
2021-12-17,36467,0.0025016494391907,3835066,0
2021-12-20,35795,-0.0184276194915951,4824767,0
2021-12-21,36070,0.0076826372398379,5459330,0
2021-12-22,36262,0.0053229830884391,5039931,0
2021-12-23,36439,0.0048811427941095,4917882,0
2021-12-24,36712,0.0074919728861932,4837154,0
2021-12-27,36497,-0.0058563957289169,3887312,0
2021-12-28,36793,0.0081102556374497,5270756,0
2021-12-29,36712,-0.0022015057211969,4488509,0
2021-12-30,36487,-0.0061287862279363,4023331,0
2022-01-03,36574,0.0023844108860691,5127854,0
2022-01-04,36549,-0.0006835456881938,4903872,0
2022-01-05,36030,-0.0142001149142247,9179278,0
2022-01-06,35668,-0.0100471829031362,10822135,0
2022-01-07,36115,0.0125322417853537,3833947,0
2022-01-10,35840,-0.0076145645853523,5187172,0
2022-01-11,35947,0.0029854910714286,4477129,0
2022-01-12,36535,0.016357415083317,4502695,0
2022-01-13,36349,-0.0050910086218693,4351829,0
2022-01-14,35786,-0.0154887342155217,4409768,0
2022-01-17,35526,-0.0072654110546023,6083630,0
2022-01-18,35250,-0.0077689579462928,5976349,0
2022-01-19,34994,-0.0072624113475177,6030959,0
2022-01-20,35199,0.0058581471109333,4815953,0
2022-01-21,34801,-0.0113071394073694,9531225,0
2022-01-24,34407,-0.0113215137496048,10696501,0
2022-01-25,33569,-0.0243555090533903,11844061,0
2022-01-26,33468,-0.0030087282909827,6132519,0
2022-01-27,32359,-0.0331361300346599,10897221,0
2022-01-28,33229,0.0268858740999413,11629748,0
2022-02-03,33549,0.0096301423455416,7162634,0
2022-02-04,33991,0.0131747593072819,5862366,0
2022-02-07,33640,-0.0103262628342796,7423520,0
2022-02-08,33705,0.0019322235434007,5143668,0
2022-02-09,34172,0.0138555110517726,5061170,0
2022-02-10,34456,0.0083108978110733,4865493,0
2022-02-11,34135,-0.0093162293940097,5028258,0
2022-02-14,33678,-0.0133880181631755,5718055,0
2022-02-15,33472,-0.006116752776293,5564439,0
2022-02-16,34076,0.0180449330783938,4413068,0
2022-02-17,34298,0.0065148491606996,8514234,0
2022-02-18,34167,-0.0038194646918188,5695086,0
2022-02-21,34192,0.0007317001785347,4170925,0
2022-02-22,33695,-0.0145355638745905,5312124,0
2022-02-23,33813,0.0035020032645793,4862151,0
2022-02-24,32929,-0.0261437908496732,10915760,1
2022-02-25,33301,0.0112970330104162,8534506,1
2022-02-28,33554,0.0075973694483648,6828679,1
2022-03-02,33416,-0.0041127734398282,5295083,1
2022-03-03,34054,0.019092650227436,4258708,1
2022-03-04,33525,-0.0155341516415105,8125623,1
2022-03-07,32773,-0.0224310216256524,15611180,1
2022-03-08,32347,-0.012998504866811,6644841,1
2022-03-10,33017,0.0207128945497263,3559539,0
2022-03-11,32894,-0.0037253536057182,10418320,0
2022-03-14,32834,-0.0018240408585152,9034325,0
2022-03-15,32549,-0.0086800268014862,13786938,0
2022-03-16,33036,0.0149620572060584,6112494,0
2022-03-17,33534,0.01507446422085,8636785,0
2022-03-18,33607,0.0021768950915488,4561280,0
2022-03-21,33265,-0.0101764513345433,5805931,0
2022-03-22,33565,0.0090184879001953,4719862,0
2022-03-23,33860,0.0087889170266646,6383608,0
2022-03-24,33705,-0.0045776727702303,5997703,0
2022-03-25,33565,-0.004153686396677,4524583,0
2022-03-28,33590,0.0007448234768359,4282563,0
2022-03-29,33764,0.0051801131289073,4408189,0
2022-03-30,33883,0.0035244639260751,4564439,0
2022-03-31,33991,0.0031874391287667,4697395,0
2022-04-01,33727,-0.0077667617898855,4253761,0
2022-04-04,33887,0.004743973670946,4846665,0
2022-04-05,33855,-0.0009443149290288,4684215,0
2022-04-06,33506,-0.0103086693250628,5459697,0
2022-04-07,33067,-0.0131021309616188,10676594,0
2022-04-08,33090,0.0006955575044607,6645472,0
2022-04-11,33090,0.0,9362011,0
2022-04-12,32778,-0.0094288304623753,10056123,0
2022-04-13,33401,0.0190066508023674,7122876,0
2022-04-14,33215,-0.0055686955480375,7751519,0
2022-04-15,32820,-0.0118922173716694,6778437,0
2022-04-18,32846,0.000792199878123,5755932,0
2022-04-19,33234,0.0118127016988369,3156898,0
2022-04-20,33206,-0.0008425106818318,2929025,0
2022-04-21,33350,0.0043365656809011,5963082,0
2022-04-22,32984,-0.0109745127436281,5413586,0
2022-04-25,32458,-0.0159471258792142,7018384,0
2022-04-26,32596,0.004251648283936,3003177,0
2022-04-27,32213,-0.0117499079641674,4610963,0
2022-04-28,32530,0.0098407475242914,7015637,0
2022-04-29,33020,0.0150630187519213,6632320,0
2022-05-02,32895,-0.0037855844942459,6174326,0
2022-05-03,32815,-0.0024319805441556,6336448,0
2022-05-04,32895,0.0024379094926101,5884754,0
2022-05-06,32438,-0.0138926888584891,6435022,0
2022-05-09,32131,-0.0094642086441827,7581374,0
2022-05-10,31964,-0.0051974728455386,8375354,0
2022-05-11,31960,-0.0001251407833813,6930466,0
2022-05-12,31435,-0.0164267834793492,7525467,0
2022-05-13,32180,0.0236996977890886,5568994,0
2022-05-16,32051,-0.0040087010565568,7806339,0
2022-05-17,32362,0.0097032853889114,4232345,0
2022-05-18,32424,0.0019158272047463,6747738,0
2022-05-19,31960,-0.0143103873673822,6407496,0
2022-05-20,32530,0.0178347934918647,4933458,0
2022-05-23,32638,0.0033200122963419,6218186,0
2022-05-24,32032,-0.0185673141736626,5732049,0
2022-05-25,32170,0.0043081918081917,7127757,0
2022-05-26,32061,-0.0033882499222878,7171705,0
2022-05-27,32401,0.0106047846293004,6228359,0
2022-05-30,32825,0.0130860158637078,5697920,0
2022-05-31,32955,0.0039603960396039,5804883,0
2022-06-02,32597,-0.0108632984372629,6304652,0
2022-06-03,32777,0.0055219805503574,6635428,0
2022-06-07,32170,-0.0185190835036763,3985988,0
2022-06-08,32240,0.0021759403170655,3918830,0
2022-06-09,32141,-0.0030707196029776,4947400,0
2022-06-10,31810,-0.0102983727948725,4643556,0
2022-06-13,30685,-0.0353662370323797,9983817,0
2022-06-14,30565,-0.0039107055564607,12905073,0
2022-06-15,30021,-0.0177981351218714,11154226,0
2022-06-16,30001,-0.0006662003264381,9721372,0
2022-06-17,29782,-0.0072997566747775,7716252,0
2022-06-20,29301,-0.0161506950507017,10154005,0
2022-06-21,29467,0.0056653356540732,7964588,0
2022-06-22,28721,-0.0253164556962025,10794814,0
2022-06-23,28492,-0.0079732599839837,13908644,0
2022-06-24,29089,0.0209532500350975,11060577,0
2022-06-27,29462,0.0128227164907697,9071908,0
2022-06-28,29690,0.0077387821600705,7139355,0
2022-06-29,29192,-0.0167733243516335,6537246,0
2022-06-30,28708,-0.0165798848999726,8402785,0
2022-07-01,28416,-0.010171380799777,6604401,0
2022-07-04,28425,0.000316722972973,9452363,0
2022-07-05,28876,0.0158663148636764,7667035,0
2022-07-06,28219,-0.0227524587893059,9647396,0
2022-07-07,28788,0.020163719479783,7139391,0
2022-07-08,28948,0.0055578713352786,9351428,0
2022-07-11,28783,-0.0056998756390769,6953167,0
2022-07-12,28510,-0.0094847653128582,5874908,0
2022-07-13,28657,0.0051560855840055,7238842,0
2022-07-14,28555,-0.0035593397773667,6239989,0
2022-07-15,28726,0.005988443354929,7677508,0
2022-07-18,29365,0.0222446564088283,7612415,0
2022-07-19,29268,-0.0033032521709518,4958783,0
2022-07-20,29486,0.0074484078174115,7206811,0
2022-07-21,29810,0.0109882656175812,5874111,0
2022-07-22,29618,-0.006440791680644,6606626,0
2022-07-25,29737,0.0040178269970962,5238387,0
2022-07-26,29843,0.0035645828429229,2414349,0
2022-07-27,29853,0.0003350869550649,2223039,0
2022-07-28,30050,0.0065990017753658,7750290,0
2022-07-29,30181,0.004359400998336,8898919,0
2022-08-01,30166,-0.0004970014247374,6445149,0
2022-08-02,30002,-0.0054365842339056,6702129,0
2022-08-03,30213,0.0070328644757016,5890156,0
2022-08-04,30366,0.0050640452785224,7905594,0
2022-08-05,30566,0.0065863136402555,6605533,0
2022-08-08,30512,-0.0017666688477393,5754609,0
2022-08-09,30608,0.0031463030938647,6470062,0
2022-08-10,30250,-0.0116962885520125,6784069,0
2022-08-11,30754,0.0166611570247934,7402570,0
2022-08-12,30869,0.0037393509787344,6799791,0
2022-08-16,30948,0.0025592017882016,7216768,0
2022-08-17,30789,-0.0051376502520357,7509844,0
2022-08-18,30674,-0.0037351001981227,8030355,0
2022-08-19,30497,-0.0057703592619156,4792335,0
2022-08-22,30101,-0.0129848837590582,6136426,0
2022-08-23,29725,-0.0124912793594896,6525127,0
2022-08-24,29843,0.0039697224558452,6160339,0
2022-08-25,30196,0.0118285695137887,5734401,0
2022-08-26,30213,0.0005629884752946,5299302,0
2022-08-29,29486,-0.0240624896567702,7167583,0
2022-08-30,29810,0.0109882656175812,4715212,0
2022-08-31,30036,0.007581348540758,8370690,0
2022-09-01,29354,-0.0227060860300971,14453201,0
2022-09-02,29191,-0.0055529059072016,10874090,0
2022-09-05,29191,0.0,7722541,0
2022-09-06,29191,0.0,7979756,0
2022-09-07,28768,-0.014490767702374,10143438,0
2022-09-08,28824,0.0019466073414904,6794164,0
2022-09-13,29733,0.0315362198168194,5930692,0
2022-09-14,29145,-0.0197760064574714,8300516,0
2022-09-15,28982,-0.0055927260250471,7852034,0
2022-09-16,28776,-0.0071078600510662,8635728,0
2022-09-19,28571,-0.0071239922157353,6551716,0
2022-09-20,28670,0.0034650519757797,5526002,0
2022-09-21,28404,-0.009277990931287,7535895,0
2022-09-22,28096,-0.0108435431629347,13804948,0
2022-09-23,27753,-0.0122081435079726,9739776,0
2022-09-26,27072,-0.0245378877959139,11137872,0
2022-09-27,27123,0.0018838652482269,9263816,0
2022-09-28,26456,-0.0245916749622091,13566358,0
2022-09-29,26465,0.0003401874811006,8430292,0
2022-09-30,26348,-0.0044209333081428,8087710,0
2022-10-04,26985,0.0241764080765143,4774883,0
2022-10-05,26990,0.0001852881230313,11341396,0
2022-10-06,27290,0.0111152278621711,13123504,0
2022-10-07,27188,-0.0037376328325393,10945000,0
2022-10-11,26632,-0.0204501986170368,11582954,0
2022-10-12,26861,0.0085986782817661,10251115,0
2022-10-13,26432,-0.015971110531998,11749515,0
2022-10-14,27077,0.0244022397094429,11549922,0
2022-10-17,27094,0.000627839125457,7832053,0
2022-10-18,27444,0.012917989222706,7393993,0
2022-10-19,27220,-0.0081620754991983,8608286,0
2022-10-20,26954,-0.009772226304188,9062885,0
2022-10-21,27010,0.0020776137122504,6948828,0
2022-10-24,27261,0.0092928544983339,8070187,0
2022-10-25,27304,0.0015773449249845,6545887,0
2022-10-26,27492,0.0068854380310576,4042071,0
2022-10-27,27972,0.0174596246180707,8482320,0
2022-10-28,27609,-0.0129772629772629,9002328,0
2022-10-31,28024,0.0150313303632874,7015886,0
2022-11-01,28449,0.0151655723665429,7973670,0
2022-11-02,28396,-0.0018629828816478,6745966,0
2022-11-03,28236,-0.0056345964220312,7332676,0
2022-11-04,28486,0.0088539453180336,8285836,0
2022-11-07,28789,0.0106368040440918,8617811,0
2022-11-08,29206,0.0144846990169855,9709234,0
2022-11-09,29496,0.0099294665479696,9325198,0
2022-11-10,29125,-0.0125779766748033,9669729,0
2022-11-11,30293,0.0401030042918455,17253387,1
2022-11-14,30104,-0.0062390651305581,12045104,0
2022-11-15,30190,0.0028567632208345,7316444,0
2022-11-16,30132,-0.0019211659489897,9863255,0
2022-11-17,29735,-0.01317536174167,6959668,0
2022-11-18,29667,-0.0022868673280646,8145279,0
2022-11-21,29440,-0.0076515994202311,11297971,0
2022-11-22,29231,-0.0070991847826087,8249326,0
2022-11-23,29425,0.0066367897095549,7952542,0
2022-11-24,29702,0.0094137638062872,12267019,0
2022-11-25,29578,-0.0041748030435661,4836412,0
2022-11-28,29221,-0.0120697815944282,6957782,0
2022-11-29,29551,0.0112932480065706,6988549,0
2022-11-30,29996,0.0150587120571215,4428285,0
2022-12-01,30175,0.0059674623283103,8064404,0
2022-12-02,29500,-0.0223695111847556,8677699,0
2022-12-05,29408,-0.0031186440677966,10488569,0
2022-12-06,29030,-0.0128536452665941,5448195,0
2022-12-07,28868,-0.0055804340337581,3330791,0
2022-12-08,28868,0.0,7812948,0
2022-12-09,29206,0.0117084661216571,5658886,0
2022-12-12,29023,-0.0062658357871669,5857824,0
2022-12-13,29000,-0.0007924749336732,6461098,0
2022-12-14,29328,0.0113103448275861,5244802,0
2022-12-15,28841,-0.0166052918712493,7698296,0
2022-12-16,28704,-0.0047501820325231,6223110,0
2022-12-19,28709,0.0001741917502786,4497615,0
2022-12-20,28473,-0.0082204186840363,6182497,0
2022-12-21,28401,-0.0025287114108102,6092258,0
2022-12-22,28771,0.0130277102918912,4935400,0
2022-12-23,28275,-0.0172395815230613,7635932,0
2022-12-26,28317,0.0014854111405835,6377761,0
2022-12-27,28520,0.0071688385069039,3099825,0
2022-12-28,28181,-0.0118863955119215,7739674,0
2022-12-29,27676,-0.0179198750931478,5866323,0
2023-01-02,27513,-0.0058895794189911,5989214,0
2023-01-03,27513,0.0,9856157,0
2023-01-04,28093,0.0210809435539562,8617278,0
2023-01-05,28317,0.0079735165343679,8665794,0
2023-01-06,28619,0.0106649715718472,7846474,0
2023-01-09,29394,0.0270799119466089,8449407,0
2023-01-10,29430,0.0012247397428046,7986811,0
2023-01-11,29483,0.0018008834522595,6414783,0
2023-01-12,29566,0.0028151816300918,5792199,0
2023-01-13,29784,0.0073733342352702,6660280,0
2023-01-16,30020,0.0079237174321784,6921111,0
2023-01-17,29784,-0.0078614257161891,4987012,0
2023-01-18,29586,-0.0066478646253022,6000625,0
2023-01-19,29774,0.0063543567903738,6008058,0
2023-01-20,29968,0.0065157519983878,7220226,0
2023-01-25,30441,0.0157835024025627,4720983,0
2023-01-26,30860,0.0137643310009527,4029375,0
2023-01-27,31105,0.0079390797148413,4377694,0
2023-01-30,30612,-0.0158495418742967,7385068,0
2023-01-31,30140,-0.0154187900169867,8332127,0
2023-02-01,30467,0.0108493696084936,6840942,0
2023-02-02,30795,0.0107657465454427,9410248,0
2023-02-03,30922,0.0041240461113816,5907761,0
2023-02-06,30219,-0.0227346225987969,9872019,0
2023-02-07,30407,0.006221251530494,5738962,0
2023-02-08,30880,0.0155556286381426,8033171,0
2023-02-09,30780,-0.0032383419689119,7075380,0
2023-02-10,30701,-0.0025666016894086,8565012,0
2023-02-13,30520,-0.00589557343409,10891556,0
2023-02-14,30701,0.0059305373525557,7428631,0
2023-02-15,30122,-0.0188593205433047,12264100,0
2023-02-16,30720,0.0198525994289888,7549110,0
2023-02-17,30448,-0.0088541666666667,7751069,0
2023-02-20,30552,0.0034156594850236,6493826,0
2023-02-21,30511,-0.0013419743388322,5778498,0
2023-02-22,29979,-0.0174363344367605,9117533,0
2023-02-23,30360,0.0127088962273591,13410718,0
2023-02-24,30088,-0.0089591567852437,7397849,0
2023-02-27,29820,-0.0089072055304439,12034652,0
2023-02-28,29903,0.0027833668678738,8325809,0
2023-03-02,29979,0.0025415510149482,10565720,0
2023-03-03,30047,0.002268254444778,7622617,0
2023-03-06,30467,0.0139781009751389,9805261,0
2023-03-07,30307,-0.0052515836807036,6444118,0
2023-03-08,29876,-0.0142211370310488,11654464,0
2023-03-09,29786,-0.0030124514660596,7175980,0
2023-03-10,29460,-0.0109447391391929,8830227,0
2023-03-13,29699,0.0081126951799048,9275474,0
2023-03-14,29005,-0.0233677901612848,13116456,0
2023-03-15,29371,0.0126185140493018,9025195,0
2023-03-16,29263,-0.0036770964556875,9061398,0
2023-03-17,29598,0.011447903495882,7447600,0
2023-03-20,29385,-0.0071964321913642,6214606,0
2023-03-21,29460,0.0025523226135784,6044920,0
2023-03-22,29829,0.0125254582484723,6669743,0
2023-03-23,29917,0.0029501491836803,5822080,0
2023-03-24,29816,-0.0033760069525687,7460738,0
2023-03-27,29679,-0.0045948484035417,5996592,0
2023-03-28,30028,0.0117591563058054,6227380,0
2023-03-29,30074,0.0015319035566805,4306238,0
2023-03-30,30284,0.0069827758196447,7943418,0
2023-03-31,30640,0.0117553823801346,5487181,0
2023-04-03,30487,-0.0049934725848563,5825349,0
2023-04-04,30626,0.0045593203660576,8521412,0
2023-04-05,30800,0.0056814471364199,6742464,0
2023-04-06,30252,-0.0177922077922078,7178048,0
2023-04-07,30766,0.0169906121909295,7027036,0
2023-04-10,31063,0.0096535136189299,8652891,0
2023-04-11,31470,0.013102404790265,5869470,0
2023-04-12,31569,0.0031458531935175,5437994,0
2023-04-13,31629,0.0019005986885869,6505421,0
2023-04-14,31742,0.0035726706503524,7033344,0
2023-04-17,31752,0.0003150400100813,5637898,0
2023-04-18,31706,-0.0014487276392037,7779673,0
2023-04-19,31728,0.0006938749763452,6121050,0
2023-04-20,31634,-0.0029626828038326,6650983,0
2023-04-21,31475,-0.0050262375924637,5242363,0
2023-04-24,31259,-0.0068625893566321,5250538,0
2023-04-25,30865,-0.0126043699414568,3538634,0
2023-04-26,30833,-0.0010367730439008,2688067,0
2023-04-27,30938,0.003405442220997,6866647,0
2023-04-28,31001,0.002036330725968,9898470,0
2023-05-02,31337,0.0108383600529016,6993307,0
2023-05-03,31057,-0.0089351246130772,6915776,0
2023-05-04,30938,-0.0038316643590816,7678606,0
2023-05-08,31327,0.0125735341651043,6889136,0
2023-05-09,31234,-0.0029686851597663,4782586,0
2023-05-10,31039,-0.0062431965166165,6752692,0
2023-05-11,30952,-0.0028029253519765,5365701,0
2023-05-12,30805,-0.0047492892220212,6558910,0
2023-05-15,30891,0.0027917545852946,7232015,0
2023-05-16,30977,0.0027839823896926,5957356,0
2023-05-17,31075,0.0031636375375279,4229227,0
2023-05-18,31376,0.0096862429605792,5202400,0
2023-05-19,31817,0.0140553289138194,5483897,0
2023-05-22,32022,0.0064430964578683,4164293,0
2023-05-23,32116,0.0029354818562239,5297547,0
2023-05-24,31999,-0.0036430439656246,4804714,0
2023-05-25,31969,-0.0009375292977905,5534390,0
2023-05-26,32078,0.003409553004473,6277703,0
2023-05-30,32511,0.0134983477772927,4317387,0
2023-05-31,32279,-0.0071360462612654,5932972,0
2023-06-01,32175,-0.0032219089810713,5044819,0
2023-06-02,32587,0.0128049728049728,6412591,0
2023-06-05,32680,0.0028538987939976,4459758,0
2023-06-07,32610,-0.0021419828641371,2992094,0
2023-06-08,32568,-0.0012879484820607,4205463,0
2023-06-09,32999,0.0132338491771064,5041007,0
2023-06-12,32787,-0.0064244371041546,6519469,0
2023-06-13,32943,0.0047579833470583,7229551,0
2023-06-14,32782,-0.0048872294569407,6524930,0
2023-06-15,32667,-0.0035080226953816,6079542,0
2023-06-16,32825,0.0048366853399455,6013495,0
2023-06-19,32644,-0.0055140898705254,3865331,0
2023-06-20,32587,-0.0017461095453988,4944710,0
2023-06-21,32282,-0.0093595605609598,5049952,0
2023-06-22,32362,0.0024781612043862,3258326,0
2023-06-23,32208,-0.0047586675730795,6593395,0
2023-06-26,32366,0.0049056135121707,3764640,0
2023-06-27,32353,-0.0004016560588271,4518986,0
2023-06-28,32180,-0.0053472630049763,5374696,0
2023-06-29,32175,-0.000155376009944,4606901,0
2023-06-30,32269,0.0029215229215229,5675604,0
2023-07-03,32772,0.0155877157643558,4046155,0
2023-07-04,32644,-0.0039057732210423,7020600,0
2023-07-05,32335,-0.0094657517461095,5410359,0
2023-07-06,32087,-0.0076697077470233,5013463,0
2023-07-07,31631,-0.0142113628572319,6158806,0
2023-07-10,31579,-0.0016439568777465,4324097,0
2023-07-11,32160,0.0183983026694956,5725884,0
2023-07-12,32366,0.0064054726368159,4096414,0
2023-07-13,32625,0.0080022245566335,5133471,0
2023-07-14,33120,0.0151724137931035,7673219,0
2023-07-17,32990,-0.0039251207729468,4402618,0
2023-07-18,32777,-0.006456501970294,5767500,0
2023-07-19,32739,-0.0011593495438875,4735758,0
2023-07-20,32639,-0.0030544610403494,4731075,0
2023-07-21,32672,0.0010110603878794,4393692,0
2023-07-24,32888,0.0066111655239959,5373061,0
2023-07-25,32943,0.0016723424957432,5135477,0
2023-07-26,32516,-0.0129617824727559,3744035,0
2023-07-27,32911,0.0121478656661335,3786763,0
2023-07-28,32834,-0.0023396432803621,4441184,0
2023-07-31,32982,0.0045075226898945,4763124,0
2023-08-01,33523,0.0164028864228973,4911151,0
2023-08-02,32797,-0.021656772961847,4106277,0
2023-08-03,32577,-0.0067079306034087,5210329,0
2023-08-04,32582,0.0001534825183411,5076086,0
2023-08-07,32501,-0.0024860352341783,4740086,0
2023-08-08,32232,-0.0082766684102028,5016836,0
2023-08-09,32582,0.0108587738893024,5144429,0
2023-08-10,32478,-0.0031919464735129,6165118,0
2023-08-11,32370,-0.0033253279142804,4469048,0
2023-08-14,32082,-0.0088971269694161,2743153,0
2023-08-16,31600,-0.015024000997444,4401626,0
2023-08-17,31506,-0.0029746835443037,7156604,0
2023-08-18,31339,-0.0053005776677458,6563893,0
2023-08-21,31363,0.0007658189476371,3701230,0
2023-08-22,31486,0.0039218187035678,6398526,0
2023-08-23,31419,-0.0021279298735945,4557006,0
2023-08-24,31849,0.0136859861867022,4242356,0
2023-08-25,31501,-0.0109265597036013,4825497,0
2023-08-28,31715,0.0067934351290435,4216086,0
2023-08-29,31863,0.0046665615639287,4219188,0
2023-08-30,31958,0.0029815146094216,3399744,0
2023-08-31,31972,0.0004380749734025,4021473,0
2023-09-01,32291,0.0099774802952583,7405187,0
2023-09-04,32496,0.0063485181629556,3426365,0
2023-09-05,32463,-0.0010155096011816,3737296,0
2023-09-06,32236,-0.0069925761636324,4156624,0
2023-09-07,32072,-0.0050874798362079,4028978,0
2023-09-08,32119,0.0014654527313544,4305133,0
2023-09-11,32212,0.0028954824247329,4382206,0
2023-09-12,32043,-0.0052464919905624,4882613,0
2023-09-13,32067,0.0007489935399307,4713922,0
2023-09-14,32520,0.0141266722799138,3716567,0
2023-09-15,32944,0.0130381303813038,10647630,0
2023-09-18,32549,-0.0119900437105391,4652137,0
2023-09-19,32301,-0.0076192816983624,5540901,0
2023-09-20,32296,-0.0001547939692269,5179637,0
2023-09-21,31729,-0.0175563537280158,8874084,0
2023-09-22,31615,-0.0035929276056604,8193209,0
2023-09-25,31642,0.0008540249881385,5803813,0
2023-09-26,31231,-0.0129890651665507,8688100,0
2023-09-27,31307,0.0024334795555698,11682228,0
2023-10-04,30477,-0.0265116427635991,13463913,0
2023-10-05,30487,0.000328116284411,9179254,0
2023-10-06,30543,0.0018368484928001,5806994,0
2023-10-10,30614,0.0023245915594407,5312788,0
2023-10-11,31129,0.0168223688508526,6520153,0
2023-10-12,31482,0.0113399081242571,6654066,0
2023-10-13,31207,-0.0087351502445841,3514213,0
2023-10-16,30968,-0.0076585381484923,4622582,0
2023-10-17,31348,0.0122707310772409,4298711,0
2023-10-18,31482,0.004274594870486,5375584,0
2023-10-19,30882,-0.0190585096245473,5438643,0
2023-10-20,30416,-0.0150896962631953,6034600,0
2023-10-23,30253,-0.005359021567596,4005938,0
2023-10-24,30487,0.0077347701054439,5656964,0
2023-10-25,30320,-0.0054777446124577,3945837,0
2023-10-26,29543,-0.0256266490765171,4915494,0
2023-10-27,29572,0.0009816200115086,4545353,0
2023-10-30,29653,0.0027390775057487,3700666,0
2023-10-31,29292,-0.012174147641048,5920806,0
2023-11-01,29697,0.0138263006964358,4913181,0
2023-11-02,30191,0.0166346769033909,6417586,0
2023-11-03,30496,0.0101023483819682,4700001,0
2023-11-06,31924,0.0468258132214061,10669018,1
2023-11-07,31345,-0.0181368249592782,9281963,0
2023-11-08,31054,-0.0092837773169563,4938138,0
2023-11-09,31203,0.0047980936433309,4606759,0
2023-11-10,31025,-0.0057045796878505,5518915,0
2023-11-13,31002,-0.0007413376309427,6647605,0
2023-11-14,31321,0.0102896587316947,4929909,0
2023-11-15,32001,0.0217106733501484,10130051,0
2023-11-16,31976,-0.0007812255867004,5721474,0
2023-11-17,31813,-0.0050975731798849,6290760,0
2023-11-20,32066,0.0079527237292931,7772380,0
2023-11-21,32221,0.0048337803280733,7600977,0
2023-11-22,32278,0.0017690326184787,5871641,0
2023-11-23,32282,0.0001239234153294,5040196,0
2023-11-24,32028,-0.0078681618239266,5142463,0
2023-11-27,31991,-0.00115523916573,4519445,0
2023-11-28,32357,0.0114407177018536,4469846,0
2023-11-29,32255,-0.0031523317983743,3466572,0
2023-11-30,32438,0.0056735389862037,7153300,0
2023-12-01,32071,-0.0113138911153585,5220521,0
2023-12-04,32236,0.0051448348975711,7048905,0
2023-12-05,31880,-0.0110435537907929,4552516,0
2023-12-06,31986,0.0033249686323713,8185064,0
2023-12-07,31861,-0.0039079597323828,10132241,0
2023-12-08,32324,0.0145318728225729,8999106,0
2023-12-11,32434,0.0034030441777008,7359368,0
2023-12-12,32569,0.0041622988222236,11670706,0
2023-12-13,32255,-0.0096410697288833,4173740,0
2023-12-14,32645,0.0120911486591226,9202315,0
2023-12-15,32831,0.0056976566089752,6552988,0
2023-12-18,32936,0.0031981968261702,4325764,0
2023-12-19,32966,0.0009108574204517,5246048,0
2023-12-20,33599,0.019201601650185,9841262,0
2023-12-21,33380,-0.0065180511324741,6604540,0
2023-12-22,33486,0.0031755542240863,3302416,0
2023-12-26,33624,0.0041211252463715,2791312,0
2023-12-27,33997,0.0110932667142518,11470343,0
2023-12-28,34555,0.0164132129305527,11075801,0
2024-01-02,34765,0.0060772681232816,7765186,0
2024-01-03,33801,-0.0277290378253991,8477292,0
2024-01-04,33504,-0.0087867222863229,9293574,0
2024-01-05,33409,-0.002835482330468,6973603,0
2024-01-08,33299,-0.003292525966057,5612527,0
2024-01-09,33176,-0.0036938046187573,7862338,0
2024-01-10,32812,-0.0109717868338558,4193785,0
2024-01-11,32865,0.0016152627087651,5655715,0
2024-01-12,32550,-0.0095846645367412,8467170,0
2024-01-15,32686,0.0041781874039938,6612410,0
2024-01-16,32241,-0.0136143914825919,6272035,0
2024-01-17,31450,-0.024533978474613,14407972,0
2024-01-18,31597,0.0046740858505565,13578287,0
2024-01-19,32071,0.0150014241858404,8587452,0
2024-01-22,32104,0.0010289669795142,7076012,0
2024-01-23,32273,0.0052641415399949,4715930,0
2024-01-24,32148,-0.0038732067052954,5707922,0
2024-01-25,32187,0.0012131392310563,7692472,0
2024-01-26,32246,0.0018330381831173,4741906,0
2024-01-29,32626,0.0117844073683557,4470644,0
2024-01-30,32569,-0.0017470728866547,8286439,0
2024-01-31,32410,-0.0048819429518867,8855981,0
2024-02-01,32967,0.0171860536871335,7328295,0
2024-02-02,34031,0.0322746989413655,11977368,0
2024-02-05,33617,-0.012165378625371,11874954,0
2024-02-06,33489,-0.0038075973465806,9867255,0
2024-02-07,33963,0.0141539012810176,7878007,0
2024-02-08,34001,0.0011188646468216,6533109,0
2024-02-13,34417,0.0122349342666392,6375005,0
2024-02-14,33949,-0.013597931254903,7476826,0
2024-02-15,33901,-0.0014138855341836,6405856,0
2024-02-16,34241,0.010029202678387,7343034,0
2024-02-19,34777,0.0156537484302443,6964429,0
2024-02-20,34369,-0.0117318917675475,6722438,0
2024-02-21,34294,-0.0021821990747475,7280988,0
2024-02-22,34469,0.0051029334577477,6745870,0
2024-02-23,34576,0.0031042385911979,7033295,0
2024-02-26,34299,-0.0080113373438223,5354776,0
2024-02-27,34006,-0.0085425231056298,5426668,0
2024-02-28,34422,0.0122331353290596,5887793,0
2024-02-29,34331,-0.0026436581256172,6413684,0
2024-03-04,34825,0.0143893274300195,6301037,0
2024-03-05,34547,-0.0079827709978463,6037457,0
2024-03-06,34422,-0.0036182591831418,5758857,0
2024-03-07,34446,0.0006972285166462,5061034,0
2024-03-08,34950,0.0146315972827033,7717230,0
2024-03-11,34658,-0.0083547925608011,6338374,0
2024-03-12,34955,0.0085694500548214,8490087,0
2024-03-13,35118,0.004663138320698,9117512,0
2024-03-14,35434,0.0089982345236061,9972838,0
2024-03-15,34767,-0.0188237286222272,6272095,0
2024-03-18,34989,0.0063853654327379,6228452,0
2024-03-19,34571,-0.0119466117922776,7706011,0
2024-03-20,35180,0.0176159208585231,5033100,0
2024-03-21,36133,0.0270892552586696,10115398,0
2024-03-22,36028,-0.0029059308665209,6265986,0
2024-03-25,35885,-0.0039691351171311,4926788,0
2024-03-26,36238,0.0098369792392365,6839474,0
2024-03-27,36258,0.0005519068381256,5687894,0
2024-03-28,36238,-0.0005516024049865,4953228,0
2024-03-29,36357,0.003283845686848,5233504,0
2024-04-01,36381,0.000660120471986,3692893,0
2024-04-02,36483,0.0028036612517523,6643870,0
2024-04-03,35933,-0.0150755146232491,7388145,0
2024-04-04,36443,0.0141930815684747,5786833,0
2024-04-05,36070,-0.0102351617594599,6584810,0
2024-04-08,36223,0.0042417521486,5338489,0
2024-04-09,35999,-0.0061839162962757,5402334,0
2024-04-11,35984,-0.0004166782410622,9065583,0
2024-04-12,35634,-0.0097265451311694,8024352,0
2024-04-15,35477,-0.0044059044732558,8953860,0
2024-04-16,34658,-0.0230853792598021,10436747,0
2024-04-17,34279,-0.0109354261642333,8150277,0
2024-04-18,34878,0.0174742553750109,7012793,0
2024-04-19,34222,-0.0188084179138712,18339523,0
2024-04-22,34682,0.0134416457249721,8866614,0
2024-04-23,34643,-0.0011245026238394,5409256,0
2024-04-24,35280,0.0183875530410184,6486478,0
2024-04-25,34672,-0.0172335600907029,2737508,0
2024-04-26,35070,0.0114790032302722,4462147,0
2024-04-29,35414,0.0098089535215284,3807521,0
2024-04-30,35540,0.0035579149488902,5255813,0
2024-05-02,35410,-0.0036578503095103,4105736,0
2024-05-03,35380,-0.0008472182999152,6440785,0
2024-05-07,36199,0.0231486715658564,4462175,0
2024-05-08,36326,0.0035083842095084,5751420,0
2024-05-09,35919,-0.0112040962396079,4625142,0
2024-05-10,36103,0.0051226370444612,6123201,0
2024-05-13,36036,-0.0018558014569426,5863991,0
2024-05-14,36108,0.0019980019980019,6511515,0
2024-05-16,36451,0.0094992799379638,6696986,0
2024-05-17,36026,-0.011659488079888,4863326,0
2024-05-20,36326,0.0083273191583856,4585693,0
2024-05-21,36137,-0.0052028849859604,5993701,0
2024-05-22,36137,0.0,6578452,0
2024-05-23,36137,0.0,5389538,0
2024-05-24,35573,-0.0156072723247641,5818917,0
2024-05-27,36068,0.0139150479296095,6856557,0
2024-05-28,36108,0.0011090163025395,4183184,0
2024-05-29,35578,-0.0146781876592444,8654086,0
2024-05-30,34935,-0.0180729664399348,6897644,0
2024-05-31,34921,-0.0004007442393015,5176154,0
2024-06-03,35549,0.0179834483548582,4859648,0
2024-06-04,35288,-0.0073419786773186,5384229,0
2024-06-05,35642,0.0100317388347312,5302966,0
2024-06-07,36113,0.0132147466472138,5743813,0
2024-06-10,35797,-0.0087503115221665,3960930,0
2024-06-11,35831,0.0009498002625918,3008627,0
2024-06-12,36146,0.0087912701292176,2893341,0
2024-06-13,36393,0.0068333978863497,6025958,0
2024-06-14,36515,0.0033522930233835,6502502,0
2024-06-17,36316,-0.0054498151444611,7426025,0
2024-06-18,36699,0.0105463156735323,4994774,0
2024-06-19,37246,0.014905038284422,6743984,0
2024-06-20,37393,0.0039467325350373,4589161,0
2024-06-21,37073,-0.0085577514508062,5923733,0
2024-06-24,36791,-0.0076066139778275,4417984,0
2024-06-25,36899,0.0029355005300208,4474299,0
2024-06-26,37202,0.0082116046505325,6548370,0
2024-06-27,37160,-0.0011289715606688,5573140,0
2024-06-28,37379,0.0058934337997846,5505907,0
2024-07-01,37451,0.0019262152545547,3900304,0
2024-07-02,37183,-0.0071560171958025,5853565,0
2024-07-03,37339,0.0041954656697953,4975886,0
2024-07-04,37839,0.0133908246069793,6181778,0
2024-07-05,38537,0.0184465762837284,7083075,0
2024-07-08,38410,-0.0032955341619742,4343386,0
2024-07-09,38547,0.0035667794845093,5036296,0
2024-07-10,38532,-0.0003891353412717,3594965,0
2024-07-11,38771,0.0062026367694383,7711079,0
2024-07-12,38237,-0.0137731809857883,5433614,0
2024-07-15,38479,0.0063289484007635,4505913,0
2024-07-16,38503,0.000623716832558,7248274,0
2024-07-17,38182,-0.008337012700309,4861716,0
2024-07-18,37903,-0.0073071080613902,5954779,0
2024-07-19,37456,-0.0117932617470912,5817155,0
2024-07-22,37083,-0.0099583511319948,5665156,0
2024-07-23,37188,0.0028314861257179,5131706,0
2024-07-24,36971,-0.0058352156609658,6133240,0
2024-07-25,36296,-0.0182575532173866,6289868,0
2024-07-26,36491,0.0053724928366762,3074251,0
2024-07-29,36927,0.0119481515990245,2636519,0
2024-07-30,36582,-0.0093427573320334,5790191,0
2024-07-31,37117,0.0146246788037833,4071880,0
2024-08-01,37147,0.0008082549775034,5939601,1
2024-08-02,35651,-0.0402724311519099,9127348,1
2024-08-05,32379,-0.0917786317354352,26985192,1
2024-08-06,33277,0.027734025139751,24353976,1
2024-08-07,34037,0.0228385972293174,11587993,1
2024-08-08,33784,-0.0074330875224021,10032121,1
2024-08-09,34245,0.0136455126687189,8515213,1
2024-08-12,34639,0.0115053292451452,5783756,0
2024-08-13,34756,0.0033776956609601,4984159,0
2024-08-14,35083,0.0094084474623086,6413494,0
2024-08-16,35915,0.0237151896930136,8688166,0
2024-08-19,35598,-0.0088263956564109,6918887,0
2024-08-20,35954,0.0100005618293161,5621043,0
2024-08-21,35905,-0.0013628525337932,6959995,0
2024-08-22,35959,0.0015039688065729,5720822,0
2024-08-23,35935,-0.0006674267916237,5922573,0
2024-08-26,35745,-0.0052873243356059,4330166,0
2024-08-27,35564,-0.005063645265072,4502808,0
2024-08-28,35627,0.0017714542796085,6889670,0
2024-08-29,35156,-0.0132203104387121,6668922,0
2024-08-30,35339,0.0052053703493002,5098227,0
2024-09-02,35300,-0.0011035965929991,6597754,0
2024-09-03,35005,-0.0083569405099149,5664491,0
2024-09-04,33788,-0.0347664619340094,7366886,0
2024-09-05,33735,-0.001568604238191,5491666,0
2024-09-06,33433,-0.008952126871202,5308341,0
2024-09-09,33208,-0.0067298776657793,6113965,0
2024-09-10,33067,-0.0042459648277523,5360092,0
2024-09-11,32755,-0.0094353887561616,5152851,0
2024-09-12,33505,0.0228972675927339,4691682,0
2024-09-13,33577,0.0021489329950754,4932825,0
2024-09-19,33519,-0.0017273729040712,6207299,0
2024-09-20,33601,0.0024463736984994,7060889,0
2024-09-23,33705,0.0030951459777983,4771357,0
2024-09-24,34108,0.0119566829847204,6380946,0
2024-09-25,33606,-0.0147179547320276,7960320,0
2024-09-26,34736,0.0336249479259656,7183578,0
2024-09-27,34596,-0.0040304007369875,6954511,0
2024-09-30,33803,-0.0229217250549196,7369289,0
2024-10-02,33447,-0.0105316096204478,6287028,0
2024-10-04,33433,-0.0004185726672047,6569135,0
2024-10-07,33963,0.0158526007238357,5791276,0
2024-10-08,33705,-0.0075965020757883,4527812,0
2024-10-10,33769,0.0018988280670524,6653782,0
2024-10-11,33811,0.0012437442624892,5736587,0
2024-10-14,34212,0.011860045547307,5883711,0
2024-10-15,34332,0.0035075412136091,5555764,0
2024-10-16,34022,-0.0090294768728882,6854630,0
2024-10-17,34099,0.0022632414320145,5787827,0
2024-10-18,33900,-0.0058359482682777,6335793,0
2024-10-21,33997,0.0028613569321533,4831587,0
2024-10-22,33501,-0.0145895226049357,8028113,0
2024-10-23,33933,0.0128951374585832,6860082,0
2024-10-24,33651,-0.0083104942091769,7214957,0
2024-10-25,33676,0.0007429199726605,6002278,0
2024-10-28,33983,0.0091162845943699,3607856,0
2024-10-29,34071,0.0025895300591471,4270903,0
2024-10-30,33744,-0.0095976050013207,6795458,0
2024-10-31,33298,-0.0132171645329539,8041292,0
2024-11-01,33064,-0.0070274490960418,5115480,0
2024-11-04,33615,0.0166646503750302,6294922,0
2024-11-05,33426,-0.0056224899598393,6389835,0
2024-11-06,33347,-0.0023634296655298,9042582,0
2024-11-07,33332,-0.0004498155756139,6821556,0
2024-11-08,33293,-0.001170046801872,7523248,0
2024-11-11,32756,-0.0161295167152254,7951266,0
2024-11-12,32072,-0.0208816705336426,9651912,0
2024-11-13,31252,-0.025567473185333,10861931,0
2024-11-14,31119,-0.0042557276334314,10503527,0
2024-11-15,31345,0.0072624441659436,8708080,0
2024-11-18,32072,0.0231934917849736,6030635,0
2024-11-19,32185,0.0035233225243203,7267238,0
2024-11-20,32250,0.0020195743358708,4799156,0
2024-11-21,32288,0.0011782945736433,8081620,0
2024-11-22,32575,0.0088887512388502,5125668,0
2024-11-25,32957,0.011726784343822,6958611,0
2024-11-26,32854,-0.0031252844615711,5142178,0
2024-11-27,32600,-0.007731174286236,5677671,0
2024-11-28,32502,-0.0030061349693251,3751193,0
2024-11-29,31886,-0.018952679835087,9228438,0
2024-12-02,31945,0.001850341842815,7524811,0
2024-12-03,32414,0.0146814838002817,5835744,0
2024-12-04,31975,-0.0135435305732091,11622085,0
2024-12-05,31750,-0.0070367474589523,9002785,0
2024-12-06,31588,-0.0051023622047243,12546326,0
2024-12-09,30803,-0.0248512093199949,10913506,0
2024-12-10,31427,0.020257767100607,5785142,0
2024-12-11,31755,0.0104368854806375,4782305,0
2024-12-12,32210,0.0143284522122499,6935186,0
2024-12-13,32354,0.0044706612853151,7360856,0
2024-12-16,32240,-0.003523521048402,5097099,0
2024-12-17,31866,-0.0116004962779155,5588099,0
2024-12-18,32316,0.0141216343438146,4542280,0
2024-12-19,31583,-0.0226822626562693,5836299,0
2024-12-20,31129,-0.0143748218978564,9932219,0
2024-12-23,31652,0.0168010536798484,7089602,0
2024-12-24,31677,0.0007898395046126,5323901,0
2024-12-26,31490,-0.0059033368058843,3281688,0
2024-12-27,31403,-0.0027627818355033,4963890,0
2024-12-30,31321,-0.002611215488966,4260619,0
2025-01-02,31252,-0.0022029947958238,5870312,0
2025-01-03,31876,0.0199667221297836,9149811,0
2025-01-06,32562,0.0215208934621657,7800165,0
2025-01-07,32571,0.0002763957987839,7868239,0
2025-01-08,32884,0.0096097755672224,8342990,0
2025-01-09,32908,0.0007298382191947,9190295,0
2025-01-10,32859,-0.0014889996353469,10744758,0
2025-01-13,32423,-0.0132688152408776,8196644,0
2025-01-14,32566,0.0044104493723591,6019225,0
2025-01-15,32517,-0.0015046367377018,7263989,0
2025-01-16,32981,0.0142694590521881,6892116,0
2025-01-17,32912,-0.0020921136411873,5532793,0
2025-01-20,32859,-0.001610354885756,5815633,0
2025-01-21,32889,0.0009129918743722,7292900,0
2025-01-22,33265,0.0114323938094804,5131917,0
2025-01-23,32908,-0.0107320006012324,4043887,0
2025-01-24,33104,0.0059559985413881,7968261,0
2025-01-31,32781,-0.0097571290478492,7932911,0
2025-02-03,31883,-0.0273939172081388,15922191,0
2025-02-04,32281,0.0124831414860584,12298876,0
2025-02-05,32663,0.0118335863201264,6630770,0
2025-02-06,32992,0.0100725591648043,5170568,0
2025-02-07,32776,-0.0065470417070805,8016066,0
2025-02-10,32844,0.0020746887966804,6622648,0
2025-02-11,33104,0.0079162099622458,7949558,0
2025-02-12,33148,0.001329144514258,8158497,0
2025-02-13,33516,0.0111017255943042,6732067,0
2025-02-14,33682,0.0049528583363169,7818152,0
2025-02-17,33927,0.0072739148506619,5355375,0
2025-02-18,34178,0.0073982373920475,5075387,0
2025-02-19,34873,0.0203347182398034,6373714,0
2025-02-20,34569,-0.0087173457976084,8310057,0
2025-02-21,34609,0.0011571060776995,6530069,0
2025-02-24,34392,-0.0062700453639227,7040416,0
2025-02-25,34213,-0.0052046987671551,5976143,0
2025-02-26,34383,0.0049688714816005,5305024,0
2025-02-27,34246,-0.0039845272372974,6979185,0
2025-02-28,33109,-0.0332009577760906,19835161,0
2025-03-04,33027,-0.0024766679754749,7373959,0
2025-03-05,33277,0.007569564295879,8603824,0
2025-03-06,33603,0.009796556179944,7315728,0
2025-03-07,33447,-0.0046424426390501,4634310,0
2025-03-10,33525,0.0023320477172841,4872992,0
2025-03-11,33148,-0.0112453392990305,7950796,0
2025-03-12,33673,0.0158380596114395,7215030,0
2025-03-13,33511,-0.0048109761530009,8932325,0
2025-03-14,33697,0.0055504162812209,7072332,0
2025-03-17,34353,0.0194676083924385,5608102,0
2025-03-18,34437,0.0024452012924636,6321578,0
2025-03-19,34731,0.0085373290356303,4792133,0
2025-03-20,34967,0.006795082203219,5741372,0
2025-03-21,35133,0.0047473331998741,6378429,0
2025-03-24,35012,-0.0034440554464463,6404506,0
2025-03-25,34849,-0.0046555466697132,6704146,0
2025-03-26,35143,0.0084363970271743,5230324,0
2025-03-27,34712,-0.0122641777878951,7336345,0
2025-03-28,34153,-0.0161039410002304,9607059,0
2025-03-31,33193,-0.0281088044974087,11206338,0
2025-04-01,33668,0.0143102461362334,9327797,0
2025-04-02,33501,-0.0049601995960556,6934437,0
2025-04-03,33085,-0.012417539774932,11322271,0
2025-04-04,32791,-0.0088862022064379,20897769,1
2025-04-07,30923,-0.0569668506602421,25710165,1
2025-04-08,30909,-0.0004527374446204,20184612,1
2025-04-09,30394,-0.0166618137112167,18201535,1
2025-04-10,32267,0.0616240047377771,12068074,1
2025-04-11,32169,-0.0030371587070381,12532650,0
2025-04-14,32373,0.0063415089060896,5621869,0
2025-04-15,32692,0.0098538905878355,8915848,0
2025-04-16,32183,-0.0155695583017252,7177604,0
2025-04-17,32501,0.0098809930708758,6951765,0
2025-04-18,32722,0.0067997907756685,6025639,0
2025-04-21,32766,0.0013446610842857,5020620,0
2025-04-22,32658,-0.003296099615455,5779669,0
2025-04-23,33247,0.0180353971461817,6821321,0
2025-04-24,33188,-0.0017745962041687,6869882,0
2025-04-25,33496,0.0092804628178859,5908528,0
2025-04-28,33521,0.0007463577740625,2979413,0
2025-04-29,33750,0.0068315384385906,7114521,0
2025-04-30,33680,-0.0020740740740741,6377115,0
2025-05-02,33710,0.0008907363420427,5687414,0
2025-05-07,33998,0.0085434589142687,6890053,0
2025-05-08,34013,0.0004412024236719,6310833,0
2025-05-09,34008,-0.0001470026166465,6470686,0
2025-05-12,34489,0.0141437308868501,6393192,0
2025-05-13,34568,0.0022905854040418,8554904,0
2025-05-14,35031,0.0133938903031705,9670343,0
2025-05-15,34772,-0.0073934515143729,6746750,0
2025-05-16,34901,0.0037098815138616,6485690,0
2025-05-19,34509,-0.0112317698633277,7790561,0
2025-05-20,34578,0.0019994783969399,6104931,0
2025-05-21,34797,0.006333506854069,6329495,0
2025-05-22,34349,-0.0128746731040032,4450795,0
2025-05-23,34379,0.0008733878715536,5625567,0
2025-05-26,34926,0.0159108758253585,5703214,0
2025-05-27,35036,0.003149516119796,6241985,0
2025-05-28,35512,0.0135860258020321,11158079,0
2025-05-29,36216,0.0198242847488172,14010528,0
2025-05-30,35869,-0.009581400485973,7763134,0
2025-06-02,35854,-0.0004181884078173,7452955,0
2025-06-04,36861,0.0280861270708987,10273950,0
2025-06-05,37507,0.0175252977401589,13030357,0
2025-06-09,38156,0.0173034366918174,12675518,0
2025-06-10,38380,0.0058706363350455,9871223,0
2025-06-11,38831,0.0117509119332985,6686254,0
2025-06-12,38901,0.0018026834230382,10613597,0
2025-06-13,38573,-0.0084316598545024,9040690,0
2025-06-16,39277,0.0182511082881808,10221525,0
2025-06-17,39382,0.0026733202637676,13331731,0
2025-06-18,39715,0.0084556396323194,12703670,0
2025-06-19,39779,0.0016114818078811,11526544,0
2025-06-20,40335,0.0139772241635034,11759868,0
2025-06-23,40295,-0.0009916945580761,12452634,0
2025-06-24,41626,0.0330313934731356,13624083,0
2025-06-25,41755,0.0030990246480564,15106606,0
2025-06-26,41377,-0.0090528080469405,14027464,0
2025-06-27,41124,-0.0061145080600333,10534214,0
2025-06-30,41387,0.0063952922867425,9866247,0
2025-07-01,41507,0.0028994611834634,10768976,0
2025-07-02,41347,-0.0038547714843278,12183428,0
2025-07-03,41988,0.0155029385445135,12215635,0
2025-07-04,41179,-0.019267409736115,13315964,0
2025-07-07,41244,0.0015784744651399,11558590,0
2025-07-08,42008,0.0185239065076132,12482181,0
2025-07-09,42131,0.002928013711674,10096976,0
2025-07-10,42678,0.0129833139493484,13092879,0
2025-07-11,42703,0.0005857819016823,13571023,0
2025-07-14,43099,0.0092733531601996,9930118,0
2025-07-15,43382,0.0065662776398525,12624985,0
2025-07-16,42975,-0.0093817712415287,10165196,0
2025-07-17,43059,0.0019546247818498,10608017,0
2025-07-18,43014,-0.0010450776841078,9830586,0
2025-07-21,43362,0.0080903891756172,8617117,0
2025-07-22,42767,-0.0137216918038836,12455874,0
2025-07-23,42920,0.0035775247270091,11068462,0
2025-07-24,42876,-0.0010251630941285,13390694,0
2025-07-25,42985,0.0025422147588394,9637705,0
2025-07-28,43209,0.0052111201581948,7398077,0
2025-07-29,43502,0.0067809947001782,6769075,0
2025-07-30,43875,0.0085743184221414,9846529,0
2025-07-31,43770,-0.0023931623931623,13839073,0
2025-08-01,41992,-0.0406214302033356,17612052,0
2025-08-04,42476,0.0115260049533243,11522674,0
2025-08-05,43053,0.013584141632922,11241465,0
2025-08-06,43028,-0.0005806796274359,8000558,0
2025-08-07,43397,0.0085758110997489,9548521,0
2025-08-08,43293,-0.002396479019287,11070026,0
2025-08-11,43302,0.0002078858013998,7705874,0
2025-08-12,43163,-0.0032100133943004,9092192,0
2025-08-13,43607,0.01028658804995,10367768,0
2025-08-14,43567,-0.000917283922306,8646008,0
2025-08-18,42908,-0.0151261275736221,7673827,0
2025-08-19,42605,-0.0070616202106833,8185737,0
2025-08-20,42351,-0.0059617415796268,12524713,0
2025-08-21,42456,0.002479280300347,6195923,0
2025-08-22,42809,0.0083144902958356,9041826,0
2025-08-25,43332,0.0122170571608772,7686135,0
2025-08-26,42923,-0.0094387519615988,9130454,0
2025-08-27,42993,0.0016308272953893,8250195,0
2025-08-28,43213,0.0051171120880142,7115276,0
2025-08-29,43048,-0.0038182954203596,10169760,0
2025-09-01,42326,-0.0167719754692435,6674305,0
2025-09-02,42775,0.0106081368426027,8544326,0
2025-09-03,42988,0.0049795441262419,7606015,0
2025-09-04,43148,0.0037219689215595,7664131,0
2025-09-05,43322,0.0040326318716974,8892344,0
2025-09-08,43492,0.0039241032269978,7241299,0
2025-09-09,44085,0.0136346914375058,11832705,0
2025-09-10,45011,0.0210048769422706,15023149,0
2025-09-11,45306,0.0065539534780387,10403711,0
2025-09-12,46222,0.0202180726614575,11681171,0
2025-09-15,46497,0.0059495478343645,11102066,0
2025-09-16,47254,0.0162806202550702,9884412,0
2025-09-17,46675,-0.0122529309688068,11749365,0
2025-09-18,47493,0.0175254418853776,11757738,0
2025-09-19,47319,-0.003663697808098,10691019,0
2025-09-22,47782,0.0097846530991778,12281511,0
2025-09-23,48166,0.0080364991000794,10971152,0
2025-09-24,48016,-0.0031142299547398,12659930,0
2025-09-25,48031,0.0003123958680439,11210636,0
2025-09-26,46880,-0.0239636901167995,14076503,0
2025-09-29,47597,0.0152943686006825,8525018,0
2025-09-30,47468,-0.0027102548479945,6914613,0
2025-10-01,47966,0.0104912783348782,6056538,0
2025-10-02,49397,0.0298336321561105,19718457,0
2025-10-10,50651,0.0253861570540721,16011107,0
2025-10-13,50189,-0.0091212414364968,12603887,0
2025-10-14,49680,-0.0101416645081591,18333144,0
2025-10-15,51060,0.0277777777777776,14762641,0
2025-10-16,52400,0.0262436349392871,17606860,0
2025-10-17,52550,0.0028625954198473,15786206,0
2025-10-20,53511,0.0182873453853473,13861376,0
2025-10-21,53626,0.0021490908411354,16980847,0
2025-10-22,54234,0.0113377839107895,15661565,0
2025-10-23,53661,-0.0105653280230113,13552170,0
2025-10-24,55062,0.0261083468440768,15991792,0
2025-10-27,56576,0.0274962769241946,18720139,0
2025-10-28,56013,-0.0099512160633483,13209044,0
2025-10-29,57184,0.0209058611393784,14653042,0
2025-10-30,57384,0.0034974818130946,23669757,0
2025-10-31,58083,0.0121810957758259,18564968,0
2025-11-03,59867,0.0307146669421345,19737492,0
2025-11-04,58218,-0.0275443900646432,23356825,0
2025-11-05,56605,-0.0277062077020853,34001466,0
2025-11-06,56915,0.0054765480081264,17624107,0
2025-11-07,55886,-0.0180795923745936,22168698,0
2025-11-10,57594,0.0305622159395912,13626188,0
2025-11-11,58133,0.0093586137444872,18555266,0
2025-11-12,58738,0.0104071697658816,12440067,0
2025-11-13,59007,0.0045796588239299,12572479,0
2025-11-14,56450,-0.0433338417475892,17120379,1
2025-11-17,57654,0.0213286093888396,11997068,1
2025-11-18,55741,-0.0331806986505706,15590350,1
2025-11-19,55351,-0.0069966451983279,18589117,1
2025-11-20,56540,0.0214810933858466,16980449,1
2025-11-21,54168,-0.0419525999292536,20296250,1
2025-11-24,54153,-0.0002769162605228,15190605,0
2025-11-25,54547,0.0072756818643473,13981826,0
2025-11-26,56021,0.0270225676939153,14661447,0
2025-11-27,56415,0.0070330768818835,12051362,0
2025-11-28,55591,-0.0146060444917132,11201981,0
2025-12-01,55516,-0.001349139249159,9248085,0
2025-12-02,56615,0.0197960948195115,10153870,0
2025-12-03,57234,0.0109334981895257,14623995,0
2025-12-04,57089,-0.0025334591326833,11119112,0
2025-12-05,58178,0.0190754786386169,14200102,0
2025-12-08,58958,0.0134071298428959,12099998,0
2025-12-09,58643,-0.0053427863903117,7778061,0
2025-12-10,58618,-0.0004263083402963,7983276,0
2025-12-11,58138,-0.0081886110068579,8660093,0
2025-12-12,58933,0.0136743610031304,9133179,0
2025-12-15,57594,-0.0227207167461354,11204257,0
2025-12-16,56340,-0.0217731013647255,12233876,0
2025-12-17,57429,0.019329073482428,10171499,0
2025-12-18,56760,-0.0116491667972626,14334178,0
2025-12-19,57060,0.0052854122621563,9601906,0
2025-12-22,58363,0.0228356116368735,10279523,0
2025-12-23,58533,0.0029128043452186,10159290,0
2025-12-24,58548,0.0002562656962739,9334914,0
2025-12-26,59047,0.0085229213636675,8026625,0
2025-12-29,60656,0.0272494792284112,12206407,0
2025-12-30,60831,0.002885122658929,10993769,0
